Jul 02 14:04:34 localhost kernel: Booting Linux on physical CPU 0x0000000000 [0x431f0a11]
Jul 02 14:04:34 localhost kernel: Linux version 6.8.0-ltram (hushim@enzian-ba8.inf.ethz.ch) (aarch64-linux-gnu-gcc (Ubuntu 11.4.0-1ubuntu1~22.04.3) 11.4.0, GNU ld (GNU Binutils for Ubuntu) 2.38) #1 SMP PREEMPT_DYNAMIC Wed Aug 19 07:52:06 CEST 2026
Jul 02 14:04:34 localhost kernel: KASLR disabled due to lack of seed
Jul 02 14:04:34 localhost kernel: Machine model: Enzian
Jul 02 14:04:34 localhost kernel: efi: EFI v2.4 by Cavium Thunder cn88xx EFI ThunderX-Firmware-Release-1.22.12-build_07 Nov  8 2023 14:59:18
Jul 02 14:04:34 localhost kernel: efi: ACPI=0xfffff000 ACPI 2.0=0xfffff014 SMBIOS 3.0=0x1ffa4db000 MEMRESERVE=0x1ff98d6d18 
Jul 02 14:04:34 localhost kernel: ltram: node 1 = 0x14000000000 + 256 MiB, pfn 335544320..335609856 (65536 pages), reserved
Jul 02 14:04:34 localhost kernel: ltram-dbg: bootmem_init enter
Jul 02 14:04:34 localhost kernel: ltram-dbg: min=5120 max=335609856
Jul 02 14:04:34 localhost kernel: ltram-dbg: -> arch_numa_init
Jul 02 14:04:34 localhost kernel: NUMA: NODE_DATA [mem 0x1fefe33b00-0x1fefe39fff]
Jul 02 14:04:34 localhost kernel: NUMA: NODE_DATA [mem 0x1fefe2d600-0x1fefe33aff]
Jul 02 14:04:34 localhost kernel: NUMA: NODE_DATA(1) on node 0
Jul 02 14:04:34 localhost kernel: ltram-dbg: arch_numa_init done
Jul 02 14:04:34 localhost kernel: ltram-dbg: -> sparse_init
Jul 02 14:04:34 localhost kernel: ltram-dbg: sparse_init done
Jul 02 14:04:34 localhost kernel: ltram-dbg: -> zone_sizes_init
Jul 02 14:04:34 localhost kernel: Zone ranges:
Jul 02 14:04:34 localhost kernel:   DMA      [mem 0x0000000001400000-0x00000000ffffffff]
Jul 02 14:04:34 localhost kernel:   DMA32    empty
Jul 02 14:04:34 localhost kernel:   Normal   [mem 0x0000000100000000-0x0000013fffffffff]
Jul 02 14:04:34 localhost kernel:   Device   empty
Jul 02 14:04:34 localhost kernel:   LtRAM    [mem 0x0000014000000000-0x000001400fffffff]
Jul 02 14:04:34 localhost kernel: Movable zone start for each node
Jul 02 14:04:34 localhost kernel: Early memory node ranges
Jul 02 14:04:34 localhost kernel:   node   0: [mem 0x0000000001400000-0x00000000ffff7fff]
Jul 02 14:04:34 localhost kernel:   node   0: [mem 0x00000000ffff8000-0x00000000ffff8fff]
Jul 02 14:04:34 localhost kernel:   node   0: [mem 0x00000000ffff9000-0x0000001ffa31cfff]
Jul 02 14:04:34 localhost kernel:   node   0: [mem 0x0000001ffa31d000-0x0000001ffa328fff]
Jul 02 14:04:34 localhost kernel:   node   0: [mem 0x0000001ffa329000-0x0000001ffa4c7fff]
Jul 02 14:04:34 localhost kernel:   node   0: [mem 0x0000001ffa4c8000-0x0000001ffa520fff]
Jul 02 14:04:34 localhost kernel:   node   0: [mem 0x0000001ffa521000-0x0000001fff4e4fff]
Jul 02 14:04:34 localhost kernel:   node   0: [mem 0x0000001fff4e5000-0x0000001fff52afff]
Jul 02 14:04:34 localhost kernel:   node   0: [mem 0x0000001fff52b000-0x0000001fffffffff]
Jul 02 14:04:34 localhost kernel:   node   1: [mem 0x0000014000000000-0x000001400fffffff]
Jul 02 14:04:34 localhost kernel: Initmem setup node 0 [mem 0x0000000001400000-0x0000001fffffffff]
Jul 02 14:04:34 localhost kernel: Initmem setup node 1 [mem 0x0000014000000000-0x000001400fffffff]
Jul 02 14:04:34 localhost kernel: On node 0, zone DMA: 5120 pages in unavailable ranges
Jul 02 14:04:34 localhost kernel: ltram-dbg: zone_sizes_init done
Jul 02 14:04:34 localhost kernel: cma: Reserved 32 MiB at 0x00000000fde00000 on node -1
Jul 02 14:04:34 localhost kernel: psci: probing for conduit method from DT.
Jul 02 14:04:34 localhost kernel: psci: PSCIv0.2 detected in firmware.
Jul 02 14:04:34 localhost kernel: psci: Using standard PSCI v0.2 function IDs
Jul 02 14:04:34 localhost kernel: psci: Trusted OS resident on physical CPU 0x0
Jul 02 14:04:34 localhost kernel: percpu: Embedded 54 pages/cpu s95720 r8192 d117272 u221184
Jul 02 14:04:34 localhost kernel: pcpu-alloc: s95720 r8192 d117272 u221184 alloc=54*4096
Jul 02 14:04:34 localhost kernel: pcpu-alloc: [0] 00 [0] 01 [0] 02 [0] 03 [0] 04 [0] 05 [0] 06 [0] 07 
Jul 02 14:04:34 localhost kernel: pcpu-alloc: [0] 08 [0] 09 [0] 10 [0] 11 [0] 12 [0] 13 [0] 14 [0] 15 
Jul 02 14:04:34 localhost kernel: pcpu-alloc: [0] 16 [0] 17 [0] 18 [0] 19 [0] 20 [0] 21 [0] 22 [0] 23 
Jul 02 14:04:34 localhost kernel: pcpu-alloc: [0] 24 [0] 25 [0] 26 [0] 27 [0] 28 [0] 29 [0] 30 [0] 31 
Jul 02 14:04:34 localhost kernel: pcpu-alloc: [0] 32 [0] 33 [0] 34 [0] 35 [0] 36 [0] 37 [0] 38 [0] 39 
Jul 02 14:04:34 localhost kernel: pcpu-alloc: [0] 40 [0] 41 [0] 42 [0] 43 [0] 44 [0] 45 [0] 46 [0] 47 
Jul 02 14:04:34 localhost kernel: Detected VIPT I-cache on CPU0
Jul 02 14:04:34 localhost kernel: CPU features: detected: GIC system register CPU interface
Jul 02 14:04:34 localhost kernel: CPU features: detected: Spectre-v2
Jul 02 14:04:34 localhost kernel: CPU features: detected: Spectre-v4
Jul 02 14:04:34 localhost kernel: CPU features: kernel page table isolation forced OFF by ARM64_WORKAROUND_CAVIUM_27456
Jul 02 14:04:34 localhost kernel: CPU features: detected: Cavium errata 23154 and 38545
Jul 02 14:04:34 localhost kernel: CPU features: detected: Cavium erratum 27456
Jul 02 14:04:34 localhost kernel: CPU features: detected: Cavium erratum 30115
Jul 02 14:04:34 localhost kernel: alternatives: applying boot alternatives
Jul 02 14:04:34 localhost kernel: Kernel command line: BOOT_IMAGE=/userkernels/hushim/vmlinuz ip=:::::enP2p1s0v0:dhcp iscsi_initiator=iqn.2022-05.systems.enzian:zuestoll08 iscsi_target_name=iqn.2022-05.systems.enzian.zuestoll:hushim-ltram iscsi_target_ip=192.168.255.254 iscsi_target_port=3260 root=UUID=461f0ce7-5a56-439d-8850-a92447d8028f rw
Jul 02 14:04:34 localhost kernel: Unknown kernel command line parameters "BOOT_IMAGE=/userkernels/hushim/vmlinuz iscsi_initiator=iqn.2022-05.systems.enzian:zuestoll08 iscsi_target_name=iqn.2022-05.systems.enzian.zuestoll:hushim-ltram iscsi_target_ip=192.168.255.254 iscsi_target_port=3260", will be passed to user space.
Jul 02 14:04:34 localhost kernel: printk: log_buf_len individual max cpu contribution: 4096 bytes
Jul 02 14:04:34 localhost kernel: printk: log_buf_len total cpu_extra contributions: 192512 bytes
Jul 02 14:04:34 localhost kernel: printk: log_buf_len min size: 262144 bytes
Jul 02 14:04:34 localhost kernel: printk: log_buf_len: 524288 bytes
Jul 02 14:04:34 localhost kernel: printk: early log buf free: 257544(98%)
Jul 02 14:04:34 localhost kernel: Fallback order for Node 0: 0 1 
Jul 02 14:04:34 localhost kernel: Fallback order for Node 1: 1 0 
Jul 02 14:04:34 localhost kernel: Built 2 zonelists, mobility grouping on.  Total pages: 33025104
Jul 02 14:04:34 localhost kernel: Policy zone: Normal
Jul 02 14:04:34 localhost kernel: mem auto-init: stack:off, heap alloc:on, heap free:off
Jul 02 14:04:34 localhost kernel: software IO TLB: area num 64.
Jul 02 14:04:34 localhost kernel: software IO TLB: mapped [mem 0x00000000f9e00000-0x00000000fde00000] (64MB)
Jul 02 14:04:34 localhost kernel: Memory: 131601992K/134459392K available (22144K kernel code, 5180K rwdata, 9200K rodata, 12096K init, 1226K bss, 2824632K reserved, 32768K cma-reserved)
Jul 02 14:04:34 localhost kernel: SLUB: HWalign=128, Order=0-3, MinObjects=0, CPUs=48, Nodes=2
Jul 02 14:04:34 localhost kernel: ftrace: allocating 59306 entries in 232 pages
Jul 02 14:04:34 localhost kernel: ftrace: allocated 232 pages with 4 groups
Jul 02 14:04:34 localhost kernel: trace event string verifier disabled
Jul 02 14:04:34 localhost kernel: Dynamic Preempt: voluntary
Jul 02 14:04:34 localhost kernel: rcu: Preemptible hierarchical RCU implementation.
Jul 02 14:04:34 localhost kernel: rcu:         RCU restricting CPUs from NR_CPUS=512 to nr_cpu_ids=48.
Jul 02 14:04:34 localhost kernel:         Trampoline variant of Tasks RCU enabled.
Jul 02 14:04:34 localhost kernel:         Rude variant of Tasks RCU enabled.
Jul 02 14:04:34 localhost kernel:         Tracing variant of Tasks RCU enabled.
Jul 02 14:04:34 localhost kernel: rcu: RCU calculated value of scheduler-enlistment delay is 100 jiffies.
Jul 02 14:04:34 localhost kernel: rcu: Adjusting geometry for rcu_fanout_leaf=16, nr_cpu_ids=48
Jul 02 14:04:34 localhost kernel: NR_IRQS: 64, nr_irqs: 64, preallocated irqs: 0
Jul 02 14:04:34 localhost kernel: GICv3: GIC: Using split EOI/Deactivate mode
Jul 02 14:04:34 localhost kernel: GIC: enabling workaround for GICv3: Cavium erratum 38539
Jul 02 14:04:34 localhost kernel: GICv3: 128 SPIs implemented
Jul 02 14:04:34 localhost kernel: GICv3: 0 Extended SPIs implemented
Jul 02 14:04:34 localhost kernel: Root IRQ handler: gic_handle_irq
Jul 02 14:04:34 localhost kernel: GICv3: GICv3 features: 16 PPIs, DirectLPI
Jul 02 14:04:34 localhost kernel: GICv3: CPU0: found redistributor 0 region 0:0x0000801080000000
Jul 02 14:04:34 localhost kernel: ITS [mem 0x801000020000-0x80100021ffff]
Jul 02 14:04:34 localhost kernel: ITS@0x0000801000020000: Devices Table too large, reduce ids 21->19
Jul 02 14:04:34 localhost kernel: ITS@0x0000801000020000: allocated 524288 Devices @100800000 (flat, esz 8, psz 64K, shr 1)
Jul 02 14:04:34 localhost kernel: GICv3: using LPI property table @0x0000000100370000
Jul 02 14:04:34 localhost kernel: GICv3: CPU0: using allocated LPI pending table @0x0000000100380000
Jul 02 14:04:34 localhost kernel: rcu: srcu_init: Setting srcu_struct sizes based on contention.
Jul 02 14:04:34 localhost kernel: arch_timer: cp15 timer(s) running at 100.00MHz (phys).
Jul 02 14:04:34 localhost kernel: clocksource: arch_sys_counter: mask: 0x1ffffffffffffff max_cycles: 0x171024e7e0, max_idle_ns: 440795205315 ns
Jul 02 14:04:34 localhost kernel: sched_clock: 57 bits at 100MHz, resolution 10ns, wraps every 4398046511100ns
Jul 02 14:04:34 localhost kernel: Console: colour dummy device 80x25
Jul 02 14:04:34 localhost kernel: printk: legacy console [tty0] enabled
Jul 02 14:04:34 localhost kernel: mempolicy: Disabling automatic NUMA balancing. Configure with numa_balancing= or the kernel.numa_balancing sysctl
Jul 02 14:04:34 localhost kernel: Calibrating delay loop (skipped), value calculated using timer frequency.. 200.00 BogoMIPS (lpj=100000)
Jul 02 14:04:34 localhost kernel: pid_max: default: 49152 minimum: 384
Jul 02 14:04:34 localhost kernel: LSM: initializing lsm=capability,landlock,yama,apparmor
Jul 02 14:04:34 localhost kernel: landlock: Up and running.
Jul 02 14:04:34 localhost kernel: Yama: becoming mindful.
Jul 02 14:04:34 localhost kernel: AppArmor: AppArmor initialized
Jul 02 14:04:34 localhost kernel: Dentry cache hash table entries: 8388608 (order: 14, 67108864 bytes, vmalloc)
Jul 02 14:04:34 localhost kernel: Inode-cache hash table entries: 4194304 (order: 13, 33554432 bytes, vmalloc)
Jul 02 14:04:34 localhost kernel: Mount-cache hash table entries: 131072 (order: 8, 1048576 bytes, vmalloc)
Jul 02 14:04:34 localhost kernel: Mountpoint-cache hash table entries: 131072 (order: 8, 1048576 bytes, vmalloc)
Jul 02 14:04:34 localhost kernel: RCU Tasks: Setting shift to 6 and lim to 1 rcu_task_cb_adjust=1.
Jul 02 14:04:34 localhost kernel: RCU Tasks Rude: Setting shift to 6 and lim to 1 rcu_task_cb_adjust=1.
Jul 02 14:04:34 localhost kernel: RCU Tasks Trace: Setting shift to 6 and lim to 1 rcu_task_cb_adjust=1.
Jul 02 14:04:34 localhost kernel: rcu: Hierarchical SRCU implementation.
Jul 02 14:04:34 localhost kernel: rcu:         Max phase no-delay instances is 400.
Jul 02 14:04:34 localhost kernel: Platform MSI: gic-its@801000020000 domain created
Jul 02 14:04:34 localhost kernel: PCI/MSI: /interrupt-controller@801000000000/gic-its@801000020000 domain created
Jul 02 14:04:34 localhost kernel: fsl-mc MSI: gic-its@801000020000 domain created
Jul 02 14:04:34 localhost kernel: Remapping and enabling EFI services.
Jul 02 14:04:34 localhost kernel: smp: Bringing up secondary CPUs ...
Jul 02 14:04:34 localhost kernel: Detected VIPT I-cache on CPU1
Jul 02 14:04:34 localhost kernel: GICv3: CPU1: found redistributor 1 region 0:0x0000801080020000
Jul 02 14:04:34 localhost kernel: GICv3: CPU1: using allocated LPI pending table @0x0000000100390000
Jul 02 14:04:34 localhost kernel: CPU1: Booted secondary processor 0x0000000001 [0x431f0a11]
Jul 02 14:04:34 localhost kernel: Detected VIPT I-cache on CPU2
Jul 02 14:04:34 localhost kernel: GICv3: CPU2: found redistributor 2 region 0:0x0000801080040000
Jul 02 14:04:34 localhost kernel: GICv3: CPU2: using allocated LPI pending table @0x00000001003a0000
Jul 02 14:04:34 localhost kernel: CPU2: Booted secondary processor 0x0000000002 [0x431f0a11]
Jul 02 14:04:34 localhost kernel: Detected VIPT I-cache on CPU3
Jul 02 14:04:34 localhost kernel: GICv3: CPU3: found redistributor 3 region 0:0x0000801080060000
Jul 02 14:04:34 localhost kernel: GICv3: CPU3: using allocated LPI pending table @0x00000001003b0000
Jul 02 14:04:34 localhost kernel: CPU3: Booted secondary processor 0x0000000003 [0x431f0a11]
Jul 02 14:04:34 localhost kernel: Detected VIPT I-cache on CPU4
Jul 02 14:04:34 localhost kernel: GICv3: CPU4: found redistributor 4 region 0:0x0000801080080000
Jul 02 14:04:34 localhost kernel: GICv3: CPU4: using allocated LPI pending table @0x00000001003c0000
Jul 02 14:04:34 localhost kernel: CPU4: Booted secondary processor 0x0000000004 [0x431f0a11]
Jul 02 14:04:34 localhost kernel: Detected VIPT I-cache on CPU5
Jul 02 14:04:34 localhost kernel: GICv3: CPU5: found redistributor 5 region 0:0x00008010800a0000
Jul 02 14:04:34 localhost kernel: GICv3: CPU5: using allocated LPI pending table @0x00000001003d0000
Jul 02 14:04:34 localhost kernel: CPU5: Booted secondary processor 0x0000000005 [0x431f0a11]
Jul 02 14:04:34 localhost kernel: Detected VIPT I-cache on CPU6
Jul 02 14:04:34 localhost kernel: GICv3: CPU6: found redistributor 6 region 0:0x00008010800c0000
Jul 02 14:04:34 localhost kernel: GICv3: CPU6: using allocated LPI pending table @0x00000001003e0000
Jul 02 14:04:34 localhost kernel: CPU6: Booted secondary processor 0x0000000006 [0x431f0a11]
Jul 02 14:04:34 localhost kernel: Detected VIPT I-cache on CPU7
Jul 02 14:04:34 localhost kernel: GICv3: CPU7: found redistributor 7 region 0:0x00008010800e0000
Jul 02 14:04:34 localhost kernel: GICv3: CPU7: using allocated LPI pending table @0x00000001003f0000
Jul 02 14:04:34 localhost kernel: CPU7: Booted secondary processor 0x0000000007 [0x431f0a11]
Jul 02 14:04:34 localhost kernel: Detected VIPT I-cache on CPU8
Jul 02 14:04:34 localhost kernel: GICv3: CPU8: found redistributor 8 region 0:0x0000801080100000
Jul 02 14:04:34 localhost kernel: GICv3: CPU8: using allocated LPI pending table @0x0000000100c00000
Jul 02 14:04:34 localhost kernel: CPU8: Booted secondary processor 0x0000000008 [0x431f0a11]
Jul 02 14:04:34 localhost kernel: Detected VIPT I-cache on CPU9
Jul 02 14:04:34 localhost kernel: GICv3: CPU9: found redistributor 9 region 0:0x0000801080120000
Jul 02 14:04:34 localhost kernel: GICv3: CPU9: using allocated LPI pending table @0x0000000100c10000
Jul 02 14:04:34 localhost kernel: CPU9: Booted secondary processor 0x0000000009 [0x431f0a11]
Jul 02 14:04:34 localhost kernel: Detected VIPT I-cache on CPU10
Jul 02 14:04:34 localhost kernel: GICv3: CPU10: found redistributor a region 0:0x0000801080140000
Jul 02 14:04:34 localhost kernel: GICv3: CPU10: using allocated LPI pending table @0x0000000100c20000
Jul 02 14:04:34 localhost kernel: CPU10: Booted secondary processor 0x000000000a [0x431f0a11]
Jul 02 14:04:34 localhost kernel: Detected VIPT I-cache on CPU11
Jul 02 14:04:34 localhost kernel: GICv3: CPU11: found redistributor b region 0:0x0000801080160000
Jul 02 14:04:34 localhost kernel: GICv3: CPU11: using allocated LPI pending table @0x0000000100c30000
Jul 02 14:04:34 localhost kernel: CPU11: Booted secondary processor 0x000000000b [0x431f0a11]
Jul 02 14:04:34 localhost kernel: Detected VIPT I-cache on CPU12
Jul 02 14:04:34 localhost kernel: GICv3: CPU12: found redistributor c region 0:0x0000801080180000
Jul 02 14:04:34 localhost kernel: GICv3: CPU12: using allocated LPI pending table @0x0000000100c40000
Jul 02 14:04:34 localhost kernel: CPU12: Booted secondary processor 0x000000000c [0x431f0a11]
Jul 02 14:04:34 localhost kernel: Detected VIPT I-cache on CPU13
Jul 02 14:04:34 localhost kernel: GICv3: CPU13: found redistributor d region 0:0x00008010801a0000
Jul 02 14:04:34 localhost kernel: GICv3: CPU13: using allocated LPI pending table @0x0000000100c50000
Jul 02 14:04:34 localhost kernel: CPU13: Booted secondary processor 0x000000000d [0x431f0a11]
Jul 02 14:04:34 localhost kernel: Detected VIPT I-cache on CPU14
Jul 02 14:04:34 localhost kernel: GICv3: CPU14: found redistributor e region 0:0x00008010801c0000
Jul 02 14:04:34 localhost kernel: GICv3: CPU14: using allocated LPI pending table @0x0000000100c60000
Jul 02 14:04:34 localhost kernel: CPU14: Booted secondary processor 0x000000000e [0x431f0a11]
Jul 02 14:04:34 localhost kernel: Detected VIPT I-cache on CPU15
Jul 02 14:04:34 localhost kernel: GICv3: CPU15: found redistributor f region 0:0x00008010801e0000
Jul 02 14:04:34 localhost kernel: GICv3: CPU15: using allocated LPI pending table @0x0000000100c70000
Jul 02 14:04:34 localhost kernel: CPU15: Booted secondary processor 0x000000000f [0x431f0a11]
Jul 02 14:04:34 localhost kernel: Detected VIPT I-cache on CPU16
Jul 02 14:04:34 localhost kernel: GICv3: CPU16: found redistributor 100 region 0:0x0000801080200000
Jul 02 14:04:34 localhost kernel: GICv3: CPU16: using allocated LPI pending table @0x0000000100c80000
Jul 02 14:04:34 localhost kernel: CPU16: Booted secondary processor 0x0000000100 [0x431f0a11]
Jul 02 14:04:34 localhost kernel: Detected VIPT I-cache on CPU17
Jul 02 14:04:34 localhost kernel: GICv3: CPU17: found redistributor 101 region 0:0x0000801080220000
Jul 02 14:04:34 localhost kernel: GICv3: CPU17: using allocated LPI pending table @0x0000000100c90000
Jul 02 14:04:34 localhost kernel: CPU17: Booted secondary processor 0x0000000101 [0x431f0a11]
Jul 02 14:04:34 localhost kernel: Detected VIPT I-cache on CPU18
Jul 02 14:04:34 localhost kernel: GICv3: CPU18: found redistributor 102 region 0:0x0000801080240000
Jul 02 14:04:34 localhost kernel: GICv3: CPU18: using allocated LPI pending table @0x0000000100ca0000
Jul 02 14:04:34 localhost kernel: CPU18: Booted secondary processor 0x0000000102 [0x431f0a11]
Jul 02 14:04:34 localhost kernel: Detected VIPT I-cache on CPU19
Jul 02 14:04:34 localhost kernel: GICv3: CPU19: found redistributor 103 region 0:0x0000801080260000
Jul 02 14:04:34 localhost kernel: GICv3: CPU19: using allocated LPI pending table @0x0000000100cb0000
Jul 02 14:04:34 localhost kernel: CPU19: Booted secondary processor 0x0000000103 [0x431f0a11]
Jul 02 14:04:34 localhost kernel: Detected VIPT I-cache on CPU20
Jul 02 14:04:34 localhost kernel: GICv3: CPU20: found redistributor 104 region 0:0x0000801080280000
Jul 02 14:04:34 localhost kernel: GICv3: CPU20: using allocated LPI pending table @0x0000000100cc0000
Jul 02 14:04:34 localhost kernel: CPU20: Booted secondary processor 0x0000000104 [0x431f0a11]
Jul 02 14:04:34 localhost kernel: Detected VIPT I-cache on CPU21
Jul 02 14:04:34 localhost kernel: GICv3: CPU21: found redistributor 105 region 0:0x00008010802a0000
Jul 02 14:04:34 localhost kernel: GICv3: CPU21: using allocated LPI pending table @0x0000000100cd0000
Jul 02 14:04:34 localhost kernel: CPU21: Booted secondary processor 0x0000000105 [0x431f0a11]
Jul 02 14:04:34 localhost kernel: Detected VIPT I-cache on CPU22
Jul 02 14:04:34 localhost kernel: GICv3: CPU22: found redistributor 106 region 0:0x00008010802c0000
Jul 02 14:04:34 localhost kernel: GICv3: CPU22: using allocated LPI pending table @0x0000000100ce0000
Jul 02 14:04:34 localhost kernel: CPU22: Booted secondary processor 0x0000000106 [0x431f0a11]
Jul 02 14:04:34 localhost kernel: Detected VIPT I-cache on CPU23
Jul 02 14:04:34 localhost kernel: GICv3: CPU23: found redistributor 107 region 0:0x00008010802e0000
Jul 02 14:04:34 localhost kernel: GICv3: CPU23: using allocated LPI pending table @0x0000000100cf0000
Jul 02 14:04:34 localhost kernel: CPU23: Booted secondary processor 0x0000000107 [0x431f0a11]
Jul 02 14:04:34 localhost kernel: Detected VIPT I-cache on CPU24
Jul 02 14:04:34 localhost kernel: GICv3: CPU24: found redistributor 108 region 0:0x0000801080300000
Jul 02 14:04:34 localhost kernel: GICv3: CPU24: using allocated LPI pending table @0x0000000100d00000
Jul 02 14:04:34 localhost kernel: CPU24: Booted secondary processor 0x0000000108 [0x431f0a11]
Jul 02 14:04:34 localhost kernel: Detected VIPT I-cache on CPU25
Jul 02 14:04:34 localhost kernel: GICv3: CPU25: found redistributor 109 region 0:0x0000801080320000
Jul 02 14:04:34 localhost kernel: GICv3: CPU25: using allocated LPI pending table @0x0000000100d10000
Jul 02 14:04:34 localhost kernel: CPU25: Booted secondary processor 0x0000000109 [0x431f0a11]
Jul 02 14:04:34 localhost kernel: Detected VIPT I-cache on CPU26
Jul 02 14:04:34 localhost kernel: GICv3: CPU26: found redistributor 10a region 0:0x0000801080340000
Jul 02 14:04:34 localhost kernel: GICv3: CPU26: using allocated LPI pending table @0x0000000100d20000
Jul 02 14:04:34 localhost kernel: CPU26: Booted secondary processor 0x000000010a [0x431f0a11]
Jul 02 14:04:34 localhost kernel: Detected VIPT I-cache on CPU27
Jul 02 14:04:34 localhost kernel: GICv3: CPU27: found redistributor 10b region 0:0x0000801080360000
Jul 02 14:04:34 localhost kernel: GICv3: CPU27: using allocated LPI pending table @0x0000000100d30000
Jul 02 14:04:34 localhost kernel: CPU27: Booted secondary processor 0x000000010b [0x431f0a11]
Jul 02 14:04:34 localhost kernel: Detected VIPT I-cache on CPU28
Jul 02 14:04:34 localhost kernel: GICv3: CPU28: found redistributor 10c region 0:0x0000801080380000
Jul 02 14:04:34 localhost kernel: GICv3: CPU28: using allocated LPI pending table @0x0000000100d40000
Jul 02 14:04:34 localhost kernel: CPU28: Booted secondary processor 0x000000010c [0x431f0a11]
Jul 02 14:04:34 localhost kernel: Detected VIPT I-cache on CPU29
Jul 02 14:04:34 localhost kernel: GICv3: CPU29: found redistributor 10d region 0:0x00008010803a0000
Jul 02 14:04:34 localhost kernel: GICv3: CPU29: using allocated LPI pending table @0x0000000100d50000
Jul 02 14:04:34 localhost kernel: CPU29: Booted secondary processor 0x000000010d [0x431f0a11]
Jul 02 14:04:34 localhost kernel: Detected VIPT I-cache on CPU30
Jul 02 14:04:34 localhost kernel: GICv3: CPU30: found redistributor 10e region 0:0x00008010803c0000
Jul 02 14:04:34 localhost kernel: GICv3: CPU30: using allocated LPI pending table @0x0000000100d60000
Jul 02 14:04:34 localhost kernel: CPU30: Booted secondary processor 0x000000010e [0x431f0a11]
Jul 02 14:04:34 localhost kernel: Detected VIPT I-cache on CPU31
Jul 02 14:04:34 localhost kernel: GICv3: CPU31: found redistributor 10f region 0:0x00008010803e0000
Jul 02 14:04:34 localhost kernel: GICv3: CPU31: using allocated LPI pending table @0x0000000100d70000
Jul 02 14:04:34 localhost kernel: CPU31: Booted secondary processor 0x000000010f [0x431f0a11]
Jul 02 14:04:34 localhost kernel: Detected VIPT I-cache on CPU32
Jul 02 14:04:34 localhost kernel: GICv3: CPU32: found redistributor 200 region 0:0x0000801080400000
Jul 02 14:04:34 localhost kernel: GICv3: CPU32: using allocated LPI pending table @0x0000000100d80000
Jul 02 14:04:34 localhost kernel: CPU32: Booted secondary processor 0x0000000200 [0x431f0a11]
Jul 02 14:04:34 localhost kernel: Detected VIPT I-cache on CPU33
Jul 02 14:04:34 localhost kernel: GICv3: CPU33: found redistributor 201 region 0:0x0000801080420000
Jul 02 14:04:34 localhost kernel: GICv3: CPU33: using allocated LPI pending table @0x0000000100d90000
Jul 02 14:04:34 localhost kernel: CPU33: Booted secondary processor 0x0000000201 [0x431f0a11]
Jul 02 14:04:34 localhost kernel: Detected VIPT I-cache on CPU34
Jul 02 14:04:34 localhost kernel: GICv3: CPU34: found redistributor 202 region 0:0x0000801080440000
Jul 02 14:04:34 localhost kernel: GICv3: CPU34: using allocated LPI pending table @0x0000000100da0000
Jul 02 14:04:34 localhost kernel: CPU34: Booted secondary processor 0x0000000202 [0x431f0a11]
Jul 02 14:04:34 localhost kernel: Detected VIPT I-cache on CPU35
Jul 02 14:04:34 localhost kernel: GICv3: CPU35: found redistributor 203 region 0:0x0000801080460000
Jul 02 14:04:34 localhost kernel: GICv3: CPU35: using allocated LPI pending table @0x0000000100db0000
Jul 02 14:04:34 localhost kernel: CPU35: Booted secondary processor 0x0000000203 [0x431f0a11]
Jul 02 14:04:34 localhost kernel: Detected VIPT I-cache on CPU36
Jul 02 14:04:34 localhost kernel: GICv3: CPU36: found redistributor 204 region 0:0x0000801080480000
Jul 02 14:04:34 localhost kernel: GICv3: CPU36: using allocated LPI pending table @0x0000000100dc0000
Jul 02 14:04:34 localhost kernel: CPU36: Booted secondary processor 0x0000000204 [0x431f0a11]
Jul 02 14:04:34 localhost kernel: Detected VIPT I-cache on CPU37
Jul 02 14:04:34 localhost kernel: GICv3: CPU37: found redistributor 205 region 0:0x00008010804a0000
Jul 02 14:04:34 localhost kernel: GICv3: CPU37: using allocated LPI pending table @0x0000000100dd0000
Jul 02 14:04:34 localhost kernel: CPU37: Booted secondary processor 0x0000000205 [0x431f0a11]
Jul 02 14:04:34 localhost kernel: Detected VIPT I-cache on CPU38
Jul 02 14:04:34 localhost kernel: GICv3: CPU38: found redistributor 206 region 0:0x00008010804c0000
Jul 02 14:04:34 localhost kernel: GICv3: CPU38: using allocated LPI pending table @0x0000000100de0000
Jul 02 14:04:34 localhost kernel: CPU38: Booted secondary processor 0x0000000206 [0x431f0a11]
Jul 02 14:04:34 localhost kernel: Detected VIPT I-cache on CPU39
Jul 02 14:04:34 localhost kernel: GICv3: CPU39: found redistributor 207 region 0:0x00008010804e0000
Jul 02 14:04:34 localhost kernel: GICv3: CPU39: using allocated LPI pending table @0x0000000100df0000
Jul 02 14:04:34 localhost kernel: CPU39: Booted secondary processor 0x0000000207 [0x431f0a11]
Jul 02 14:04:34 localhost kernel: Detected VIPT I-cache on CPU40
Jul 02 14:04:34 localhost kernel: GICv3: CPU40: found redistributor 208 region 0:0x0000801080500000
Jul 02 14:04:34 localhost kernel: GICv3: CPU40: using allocated LPI pending table @0x0000000100e00000
Jul 02 14:04:34 localhost kernel: CPU40: Booted secondary processor 0x0000000208 [0x431f0a11]
Jul 02 14:04:34 localhost kernel: Detected VIPT I-cache on CPU41
Jul 02 14:04:34 localhost kernel: GICv3: CPU41: found redistributor 209 region 0:0x0000801080520000
Jul 02 14:04:34 localhost kernel: GICv3: CPU41: using allocated LPI pending table @0x0000000100e10000
Jul 02 14:04:34 localhost kernel: CPU41: Booted secondary processor 0x0000000209 [0x431f0a11]
Jul 02 14:04:34 localhost kernel: Detected VIPT I-cache on CPU42
Jul 02 14:04:34 localhost kernel: GICv3: CPU42: found redistributor 20a region 0:0x0000801080540000
Jul 02 14:04:34 localhost kernel: GICv3: CPU42: using allocated LPI pending table @0x0000000100e20000
Jul 02 14:04:34 localhost kernel: CPU42: Booted secondary processor 0x000000020a [0x431f0a11]
Jul 02 14:04:34 localhost kernel: Detected VIPT I-cache on CPU43
Jul 02 14:04:34 localhost kernel: GICv3: CPU43: found redistributor 20b region 0:0x0000801080560000
Jul 02 14:04:34 localhost kernel: GICv3: CPU43: using allocated LPI pending table @0x0000000100e30000
Jul 02 14:04:34 localhost kernel: CPU43: Booted secondary processor 0x000000020b [0x431f0a11]
Jul 02 14:04:34 localhost kernel: Detected VIPT I-cache on CPU44
Jul 02 14:04:34 localhost kernel: GICv3: CPU44: found redistributor 20c region 0:0x0000801080580000
Jul 02 14:04:34 localhost kernel: GICv3: CPU44: using allocated LPI pending table @0x0000000100e40000
Jul 02 14:04:34 localhost kernel: CPU44: Booted secondary processor 0x000000020c [0x431f0a11]
Jul 02 14:04:34 localhost kernel: Detected VIPT I-cache on CPU45
Jul 02 14:04:34 localhost kernel: GICv3: CPU45: found redistributor 20d region 0:0x00008010805a0000
Jul 02 14:04:34 localhost kernel: GICv3: CPU45: using allocated LPI pending table @0x0000000100e50000
Jul 02 14:04:34 localhost kernel: CPU45: Booted secondary processor 0x000000020d [0x431f0a11]
Jul 02 14:04:34 localhost kernel: Detected VIPT I-cache on CPU46
Jul 02 14:04:34 localhost kernel: GICv3: CPU46: found redistributor 20e region 0:0x00008010805c0000
Jul 02 14:04:34 localhost kernel: GICv3: CPU46: using allocated LPI pending table @0x0000000100e60000
Jul 02 14:04:34 localhost kernel: CPU46: Booted secondary processor 0x000000020e [0x431f0a11]
Jul 02 14:04:34 localhost kernel: Detected VIPT I-cache on CPU47
Jul 02 14:04:34 localhost kernel: GICv3: CPU47: found redistributor 20f region 0:0x00008010805e0000
Jul 02 14:04:34 localhost kernel: GICv3: CPU47: using allocated LPI pending table @0x0000000100e70000
Jul 02 14:04:34 localhost kernel: CPU47: Booted secondary processor 0x000000020f [0x431f0a11]
Jul 02 14:04:34 localhost kernel: smp: Brought up 2 nodes, 48 CPUs
Jul 02 14:04:34 localhost kernel: SMP: Total of 48 processors activated.
Jul 02 14:04:34 localhost kernel: CPU: All CPU(s) started at EL2
Jul 02 14:04:34 localhost kernel: CPU features: detected: Data cache clean to the PoU not required for I/D coherence
Jul 02 14:04:34 localhost kernel: CPU features: detected: CRC32 instructions
Jul 02 14:04:34 localhost kernel: CPU features: detected: LSE atomic instructions
Jul 02 14:04:34 localhost kernel: alternatives: applying system-wide alternatives
Jul 02 14:04:34 localhost kernel: CPU features: emulated: Privileged Access Never (PAN) using TTBR0_EL1 switching
Jul 02 14:04:34 localhost kernel: devtmpfs: initialized
Jul 02 14:04:34 localhost kernel: clocksource: jiffies: mask: 0xffffffff max_cycles: 0xffffffff, max_idle_ns: 1911260446275000 ns
Jul 02 14:04:34 localhost kernel: futex hash table entries: 16384 (order: 8, 1048576 bytes, vmalloc)
Jul 02 14:04:34 localhost kernel: pinctrl core: initialized pinctrl subsystem
Jul 02 14:04:34 localhost kernel: SMBIOS 3.0.0 present.
Jul 02 14:04:34 localhost kernel: DMI: www.cavium.com ThunderX CRB-2S/ThunderX CRB-2S, BIOS 0.3 Nov  8 2023
Jul 02 14:04:34 localhost kernel: NET: Registered PF_NETLINK/PF_ROUTE protocol family
Jul 02 14:04:34 localhost kernel: DMA: preallocated 4096 KiB GFP_KERNEL pool for atomic allocations
Jul 02 14:04:34 localhost kernel: DMA: preallocated 4096 KiB GFP_KERNEL|GFP_DMA pool for atomic allocations
Jul 02 14:04:34 localhost kernel: DMA: preallocated 4096 KiB GFP_KERNEL|GFP_DMA32 pool for atomic allocations
Jul 02 14:04:34 localhost kernel: audit: initializing netlink subsys (disabled)
Jul 02 14:04:34 localhost kernel: audit: type=2000 audit(0.196:1): state=initialized audit_enabled=0 res=1
Jul 02 14:04:34 localhost kernel: thermal_sys: Registered thermal governor 'fair_share'
Jul 02 14:04:34 localhost kernel: thermal_sys: Registered thermal governor 'bang_bang'
Jul 02 14:04:34 localhost kernel: thermal_sys: Registered thermal governor 'step_wise'
Jul 02 14:04:34 localhost kernel: thermal_sys: Registered thermal governor 'user_space'
Jul 02 14:04:34 localhost kernel: thermal_sys: Registered thermal governor 'power_allocator'
Jul 02 14:04:34 localhost kernel: cpuidle: using governor ladder
Jul 02 14:04:34 localhost kernel: cpuidle: using governor menu
Jul 02 14:04:34 localhost kernel: hw-breakpoint: found 6 breakpoint and 4 watchpoint registers.
Jul 02 14:04:34 localhost kernel: ASID allocator initialised with 65536 entries
Jul 02 14:04:34 localhost kernel: Serial: AMBA PL011 UART driver
Jul 02 14:04:34 localhost kernel: OF: /soc@0/pci@848000000000: #msi-cells = 1 found 0
Jul 02 14:04:34 localhost kernel: OF: /soc@0/pci@849000000000: #msi-cells = 1 found 0
Jul 02 14:04:34 localhost kernel: OF: /soc@0/pci@84a000000000: #msi-cells = 1 found 0
Jul 02 14:04:34 localhost kernel: OF: /soc@0/pci@84b000000000: #msi-cells = 1 found 0
Jul 02 14:04:34 localhost kernel: OF: /soc@0/pci@87e0c0000000: #msi-cells = 1 found 0
Jul 02 14:04:34 localhost kernel: 87e024000000.serial: ttyAMA0 at MMIO 0x87e024000000 (irq = 14, base_baud = 0) is a PL011 rev3
Jul 02 14:04:34 localhost kernel: printk: legacy console [ttyAMA0] enabled
Jul 02 14:04:34 localhost kernel: 87e025000000.serial: ttyAMA1 at MMIO 0x87e025000000 (irq = 15, base_baud = 0) is a PL011 rev3
Jul 02 14:04:34 localhost kernel: OF: /soc@0/pci@848000000000: #msi-cells = 1 found 0
Jul 02 14:04:34 localhost kernel: OF: /soc@0/pci@849000000000: #msi-cells = 1 found 0
Jul 02 14:04:34 localhost kernel: OF: /soc@0/pci@84a000000000: #msi-cells = 1 found 0
Jul 02 14:04:34 localhost kernel: OF: /soc@0/pci@84b000000000: #msi-cells = 1 found 0
Jul 02 14:04:34 localhost kernel: OF: /soc@0/pci@87e0c0000000: #msi-cells = 1 found 0
Jul 02 14:04:34 localhost kernel: Modules: 20256 pages in range for non-PLT usage
Jul 02 14:04:34 localhost kernel: Modules: 511776 pages in range for PLT usage
Jul 02 14:04:34 localhost kernel: HugeTLB: registered 1.00 GiB page size, pre-allocated 0 pages
Jul 02 14:04:34 localhost kernel: HugeTLB: 0 KiB vmemmap can be freed for a 1.00 GiB page
Jul 02 14:04:34 localhost kernel: HugeTLB: registered 32.0 MiB page size, pre-allocated 0 pages
Jul 02 14:04:34 localhost kernel: HugeTLB: 0 KiB vmemmap can be freed for a 32.0 MiB page
Jul 02 14:04:34 localhost kernel: HugeTLB: registered 2.00 MiB page size, pre-allocated 0 pages
Jul 02 14:04:34 localhost kernel: HugeTLB: 0 KiB vmemmap can be freed for a 2.00 MiB page
Jul 02 14:04:34 localhost kernel: HugeTLB: registered 64.0 KiB page size, pre-allocated 0 pages
Jul 02 14:04:34 localhost kernel: HugeTLB: 0 KiB vmemmap can be freed for a 64.0 KiB page
Jul 02 14:04:34 localhost kernel: fbcon: Taking over console
Jul 02 14:04:34 localhost kernel: ipmi:dmi: Base address is zero, assuming no IPMI interface
Jul 02 14:04:34 localhost kernel: ACPI: Interpreter disabled.
Jul 02 14:04:34 localhost kernel: iommu: Default domain type: Translated
Jul 02 14:04:34 localhost kernel: iommu: DMA domain TLB invalidation policy: strict mode
Jul 02 14:04:34 localhost kernel: SCSI subsystem initialized
Jul 02 14:04:34 localhost kernel: libata version 3.00 loaded.
Jul 02 14:04:34 localhost kernel: usbcore: registered new interface driver usbfs
Jul 02 14:04:34 localhost kernel: usbcore: registered new interface driver hub
Jul 02 14:04:34 localhost kernel: usbcore: registered new device driver usb
Jul 02 14:04:34 localhost kernel: pps_core: LinuxPPS API ver. 1 registered
Jul 02 14:04:34 localhost kernel: pps_core: Software ver. 5.3.6 - Copyright 2005-2007 Rodolfo Giometti <giometti@linux.it>
Jul 02 14:04:34 localhost kernel: PTP clock support registered
Jul 02 14:04:34 localhost kernel: EDAC MC: Ver: 3.0.0
Jul 02 14:04:34 localhost kernel: scmi_core: SCMI protocol bus registered
Jul 02 14:04:34 localhost kernel: efivars: Registered efivars operations
Jul 02 14:04:34 localhost kernel: NetLabel: Initializing
Jul 02 14:04:34 localhost kernel: NetLabel:  domain hash size = 128
Jul 02 14:04:34 localhost kernel: NetLabel:  protocols = UNLABELED CIPSOv4 CALIPSO
Jul 02 14:04:34 localhost kernel: NetLabel:  unlabeled traffic allowed by default
Jul 02 14:04:34 localhost kernel: mctp: management component transport protocol core
Jul 02 14:04:34 localhost kernel: NET: Registered PF_MCTP protocol family
Jul 02 14:04:34 localhost kernel: vgaarb: loaded
Jul 02 14:04:34 localhost kernel: clocksource: Switched to clocksource arch_sys_counter
Jul 02 14:04:34 localhost kernel: VFS: Disk quotas dquot_6.6.0
Jul 02 14:04:34 localhost kernel: VFS: Dquot-cache hash table entries: 512 (order 0, 4096 bytes)
Jul 02 14:04:34 localhost kernel: AppArmor: AppArmor Filesystem Enabled
Jul 02 14:04:34 localhost kernel: pnp: PnP ACPI: disabled
Jul 02 14:04:34 localhost kernel: NET: Registered PF_INET protocol family
Jul 02 14:04:34 localhost kernel: IP idents hash table entries: 262144 (order: 9, 2097152 bytes, vmalloc)
Jul 02 14:04:34 localhost kernel: tcp_listen_portaddr_hash hash table entries: 65536 (order: 8, 1048576 bytes, vmalloc)
Jul 02 14:04:34 localhost kernel: Table-perturb hash table entries: 65536 (order: 6, 262144 bytes, vmalloc)
Jul 02 14:04:34 localhost kernel: TCP established hash table entries: 524288 (order: 10, 4194304 bytes, vmalloc)
Jul 02 14:04:34 localhost kernel: TCP bind hash table entries: 65536 (order: 9, 2097152 bytes, vmalloc)
Jul 02 14:04:34 localhost kernel: TCP: Hash tables configured (established 524288 bind 65536)
Jul 02 14:04:34 localhost kernel: MPTCP token hash table entries: 65536 (order: 8, 1572864 bytes, vmalloc)
Jul 02 14:04:34 localhost kernel: UDP hash table entries: 65536 (order: 9, 2097152 bytes, vmalloc)
Jul 02 14:04:34 localhost kernel: UDP-Lite hash table entries: 65536 (order: 9, 2097152 bytes, vmalloc)
Jul 02 14:04:34 localhost kernel: NET: Registered PF_UNIX/PF_LOCAL protocol family
Jul 02 14:04:34 localhost kernel: NET: Registered PF_XDP protocol family
Jul 02 14:04:34 localhost kernel: PCI: CLS 0 bytes, default 64
Jul 02 14:04:34 localhost kernel: Trying to unpack rootfs image as initramfs...
Jul 02 14:04:34 localhost kernel: kvm [1]: IPA Size Limit: 48 bits
Jul 02 14:04:34 localhost kernel: kvm [1]: GICv3: no GICV resource entry
Jul 02 14:04:34 localhost kernel: kvm [1]: disabling GICv2 emulation
Jul 02 14:04:34 localhost kernel: kvm [1]: GICv3 sysreg trapping enabled ([G0G1], reduced performance)
Jul 02 14:04:34 localhost kernel: kvm [1]: GIC system register CPU interface enabled
Jul 02 14:04:34 localhost kernel: kvm [1]: vgic interrupt IRQ9
Jul 02 14:04:34 localhost kernel: kvm [1]: Hyp mode initialized successfully
Jul 02 14:04:34 localhost kernel: Initialise system trusted keyrings
Jul 02 14:04:34 localhost kernel: workingset: timestamp_bits=40 max_order=25 bucket_order=0
Jul 02 14:04:34 localhost kernel: zbud: loaded
Jul 02 14:04:34 localhost kernel: squashfs: version 4.0 (2009/01/31) Phillip Lougher
Jul 02 14:04:34 localhost kernel: fuse: init (API version 7.39)
Jul 02 14:04:34 localhost kernel: Key type asymmetric registered
Jul 02 14:04:34 localhost kernel: Asymmetric key parser 'x509' registered
Jul 02 14:04:34 localhost kernel: Block layer SCSI generic (bsg) driver version 0.4 loaded (major 242)
Jul 02 14:04:34 localhost kernel: io scheduler mq-deadline registered
Jul 02 14:04:34 localhost kernel: shpchp: Standard Hot Plug PCI Controller Driver version: 0.4
Jul 02 14:04:34 localhost kernel: pci-host-generic 848000000000.pci: host bridge /soc@0/pci@848000000000 ranges:
Jul 02 14:04:34 localhost kernel: pci-host-generic 848000000000.pci:      MEM 0x802000000000..0x807fffffffff -> 0x802000000000
Jul 02 14:04:34 localhost kernel: pci-host-generic 848000000000.pci:      MEM 0x838000000000..0x841fffffffff -> 0x838000000000
Jul 02 14:04:34 localhost kernel: pci-host-generic 848000000000.pci:      MEM 0x846000000000..0x847fffffffff -> 0x846000000000
Jul 02 14:04:34 localhost kernel: pci-host-generic 848000000000.pci:      MEM 0x868000000000..0x87e023ffffff -> 0x868000000000
Jul 02 14:04:34 localhost kernel: pci-host-generic 848000000000.pci:      MEM 0x87e026000000..0x87e0bfffffff -> 0x87e026000000
Jul 02 14:04:34 localhost kernel: pci-host-generic 848000000000.pci:      MEM 0x87e0c6000000..0x87ffffffffff -> 0x87e0c6000000
Jul 02 14:04:34 localhost kernel: pci-host-generic 848000000000.pci: Memory resource size exceeds max for 32 bits
Jul 02 14:04:34 localhost kernel: pci-host-generic 848000000000.pci: Memory resource size exceeds max for 32 bits
Jul 02 14:04:34 localhost kernel: pci-host-generic 848000000000.pci: Memory resource size exceeds max for 32 bits
Jul 02 14:04:34 localhost kernel: pci-host-generic 848000000000.pci: Memory resource size exceeds max for 32 bits
Jul 02 14:04:34 localhost kernel: pci-host-generic 848000000000.pci: Memory resource size exceeds max for 32 bits
Jul 02 14:04:34 localhost kernel: pci-host-generic 848000000000.pci: ECAM at [mem 0x848000000000-0x848001ffffff] for [bus 00-1f]
Jul 02 14:04:34 localhost kernel: pci-host-generic 848000000000.pci: PCI host bridge to bus 0000:00
Jul 02 14:04:34 localhost kernel: pci_bus 0000:00: root bus resource [bus 00-1f]
Jul 02 14:04:34 localhost kernel: pci_bus 0000:00: root bus resource [mem 0x802000000000-0x807fffffffff]
Jul 02 14:04:34 localhost kernel: pci_bus 0000:00: root bus resource [mem 0x838000000000-0x841fffffffff]
Jul 02 14:04:34 localhost kernel: pci_bus 0000:00: root bus resource [mem 0x846000000000-0x847fffffffff]
Jul 02 14:04:34 localhost kernel: pci_bus 0000:00: root bus resource [mem 0x868000000000-0x87e023ffffff]
Jul 02 14:04:34 localhost kernel: pci_bus 0000:00: root bus resource [mem 0x87e026000000-0x87e0bfffffff]
Jul 02 14:04:34 localhost kernel: pci_bus 0000:00: root bus resource [mem 0x87e0c6000000-0x87ffffffffff]
Jul 02 14:04:34 localhost kernel: pci 0000:00:01.0: [177d:a002] type 01 class 0x060400 PCIe Root Port
Jul 02 14:04:34 localhost kernel: pci 0000:00:01.0: PCI bridge to [bus 01]
Jul 02 14:04:34 localhost kernel: pci 0000:00:01.0:   bridge window [mem 0x00000000-0x000fffff]
Jul 02 14:04:34 localhost kernel: pci 0000:00:09.0: [177d:a018] type 00 class 0x120000 PCIe Endpoint
Jul 02 14:04:34 localhost kernel: pci 0000:00:09.0: BAR 0 [mem 0x87e040000000-0x87e0400fffff 64bit]: from Enhanced Allocation, properties 0x0
Jul 02 14:04:34 localhost kernel: pci 0000:00:09.0: VF BAR 2 [mem 0x840000800000-0x8400008fffff 64bit]: from Enhanced Allocation, properties 0x4
Jul 02 14:04:34 localhost kernel: Freeing initrd memory: 68060K
Jul 02 14:04:34 localhost kernel: pci 0000:00:09.0: VF BAR 0 [mem 0x840000800000-0x8400008fffff 64bit]: contains BAR 0 for 1 VFs
Jul 02 14:04:34 localhost kernel: pci 0000:00:10.0: [177d:a01b] type 00 class 0x0c0330 PCIe Endpoint
Jul 02 14:04:34 localhost kernel: pci 0000:00:10.0: BAR 0 [mem 0x868000000000-0x8680001fffff 64bit]: from Enhanced Allocation, properties 0x0
Jul 02 14:04:34 localhost kernel: pci 0000:00:10.0: BAR 4 [mem 0x868000200000-0x8680002fffff 64bit]: from Enhanced Allocation, properties 0x0
Jul 02 14:04:34 localhost kernel: pci 0000:00:11.0: [177d:a01b] type 00 class 0x0c0330 PCIe Endpoint
Jul 02 14:04:34 localhost kernel: pci 0000:00:11.0: BAR 0 [mem 0x869000000000-0x8690001fffff 64bit]: from Enhanced Allocation, properties 0x0
Jul 02 14:04:34 localhost kernel: pci 0000:00:11.0: BAR 4 [mem 0x869000200000-0x8690002fffff 64bit]: from Enhanced Allocation, properties 0x0
Jul 02 14:04:34 localhost kernel: pci 0000:00:14.0: [177d:a002] type 01 class 0x060400 PCIe Root Port
Jul 02 14:04:34 localhost kernel: pci 0000:00:14.0: PCI bridge to [bus 02]
Jul 02 14:04:34 localhost kernel: pci 0000:00:14.0:   bridge window [mem 0x00000000-0x000fffff]
Jul 02 14:04:34 localhost kernel: pci 0000:00:15.0: [177d:a002] type 01 class 0x060400 PCIe Root Port
Jul 02 14:04:34 localhost kernel: pci 0000:00:15.0: PCI bridge to [bus 03]
Jul 02 14:04:34 localhost kernel: pci 0000:00:15.0:   bridge window [mem 0x00000000-0x000fffff]
Jul 02 14:04:34 localhost kernel: pci 0000:00:16.0: [177d:a002] type 01 class 0x060400 PCIe Root Port
Jul 02 14:04:34 localhost kernel: pci 0000:00:16.0: PCI bridge to [bus 04]
Jul 02 14:04:34 localhost kernel: pci 0000:00:16.0:   bridge window [mem 0x00000000-0x000fffff]
Jul 02 14:04:34 localhost kernel: pci 0000:01:00.0: [177d:a001] type 00 class 0x088000 PCIe Endpoint
Jul 02 14:04:34 localhost kernel: pci 0000:01:00.0: BAR 0 [mem 0x87e0fc000000-0x87e0fc0fffff 64bit]: from Enhanced Allocation, properties 0x0
Jul 02 14:04:34 localhost kernel: pci 0000:01:00.0: BAR 4 [mem 0x87e0fcf00000-0x87e0fcffffff 64bit]: from Enhanced Allocation, properties 0x0
Jul 02 14:04:34 localhost kernel: pci 0000:01:00.1: [177d:a00e] type 00 class 0x088000 PCIe Endpoint
Jul 02 14:04:34 localhost kernel: pci 0000:01:00.1: BAR 0 [mem 0x87e006000000-0x87e0067fffff 64bit]: from Enhanced Allocation, properties 0x0
Jul 02 14:04:34 localhost kernel: pci 0000:01:00.1: BAR 4 [mem 0x87e006f00000-0x87e006ffffff 64bit]: from Enhanced Allocation, properties 0x0
Jul 02 14:04:34 localhost kernel: pci 0000:01:00.5: [177d:a013] type 00 class 0x088000 PCIe Endpoint
Jul 02 14:04:34 localhost kernel: pci 0000:01:00.5: BAR 0 [mem 0x87e011000000-0x87e0117fffff 64bit]: from Enhanced Allocation, properties 0x0
Jul 02 14:04:34 localhost kernel: pci 0000:01:00.5: BAR 4 [mem 0x87e011f00000-0x87e011ffffff 64bit]: from Enhanced Allocation, properties 0x0
Jul 02 14:04:34 localhost kernel: pci 0000:01:01.3: [177d:a02b] type 00 class 0x0c8000 PCIe Endpoint
Jul 02 14:04:34 localhost kernel: pci 0000:01:01.3: BAR 0 [mem 0x87e005000000-0x87e0057fffff 64bit]: from Enhanced Allocation, properties 0x0
Jul 02 14:04:34 localhost kernel: pci 0000:01:01.4: [177d:a010] type 00 class 0x058000 PCIe Endpoint
Jul 02 14:04:34 localhost kernel: pci 0000:01:01.4: BAR 0 [mem 0x87e009000000-0x87e0097fffff 64bit]: from Enhanced Allocation, properties 0x0
Jul 02 14:04:34 localhost kernel: pci 0000:01:01.4: BAR 4 [mem 0x87e009f00000-0x87e009ffffff 64bit]: from Enhanced Allocation, properties 0x0
Jul 02 14:04:34 localhost kernel: pci 0000:01:06.0: [177d:a02e] type 00 class 0x058000 PCIe Endpoint
Jul 02 14:04:34 localhost kernel: pci 0000:01:06.0: BAR 0 [mem 0x87e050000000-0x87e0507fffff 64bit]: from Enhanced Allocation, properties 0x0
Jul 02 14:04:34 localhost kernel: pci 0000:01:06.0: BAR 4 [mem 0x87e050f00000-0x87e050ffffff 64bit]: from Enhanced Allocation, properties 0x0
Jul 02 14:04:34 localhost kernel: pci 0000:01:06.1: [177d:a02e] type 00 class 0x058000 PCIe Endpoint
Jul 02 14:04:34 localhost kernel: pci 0000:01:06.1: BAR 0 [mem 0x87e051000000-0x87e0517fffff 64bit]: from Enhanced Allocation, properties 0x0
Jul 02 14:04:34 localhost kernel: pci 0000:01:06.1: BAR 4 [mem 0x87e051f00000-0x87e051ffffff 64bit]: from Enhanced Allocation, properties 0x0
Jul 02 14:04:34 localhost kernel: pci 0000:01:06.2: [177d:a02e] type 00 class 0x058000 PCIe Endpoint
Jul 02 14:04:34 localhost kernel: pci 0000:01:06.2: BAR 0 [mem 0x87e052000000-0x87e0527fffff 64bit]: from Enhanced Allocation, properties 0x0
Jul 02 14:04:34 localhost kernel: pci 0000:01:06.2: BAR 4 [mem 0x87e052f00000-0x87e052ffffff 64bit]: from Enhanced Allocation, properties 0x0
Jul 02 14:04:34 localhost kernel: pci 0000:01:06.3: [177d:a02e] type 00 class 0x058000 PCIe Endpoint
Jul 02 14:04:34 localhost kernel: pci 0000:01:06.3: BAR 0 [mem 0x87e053000000-0x87e0537fffff 64bit]: from Enhanced Allocation, properties 0x0
Jul 02 14:04:34 localhost kernel: pci 0000:01:06.3: BAR 4 [mem 0x87e053f00000-0x87e053ffffff 64bit]: from Enhanced Allocation, properties 0x0
Jul 02 14:04:34 localhost kernel: pci 0000:01:06.4: [177d:a02e] type 00 class 0x058000 PCIe Endpoint
Jul 02 14:04:34 localhost kernel: pci 0000:01:06.4: BAR 0 [mem 0x87e054000000-0x87e0547fffff 64bit]: from Enhanced Allocation, properties 0x0
Jul 02 14:04:34 localhost kernel: pci 0000:01:06.4: BAR 4 [mem 0x87e054f00000-0x87e054ffffff 64bit]: from Enhanced Allocation, properties 0x0
Jul 02 14:04:34 localhost kernel: pci 0000:01:06.5: [177d:a02e] type 00 class 0x058000 PCIe Endpoint
Jul 02 14:04:34 localhost kernel: pci 0000:01:06.5: BAR 0 [mem 0x87e055000000-0x87e0557fffff 64bit]: from Enhanced Allocation, properties 0x0
Jul 02 14:04:34 localhost kernel: pci 0000:01:06.5: BAR 4 [mem 0x87e055f00000-0x87e055ffffff 64bit]: from Enhanced Allocation, properties 0x0
Jul 02 14:04:34 localhost kernel: pci 0000:01:06.6: [177d:a02e] type 00 class 0x058000 PCIe Endpoint
Jul 02 14:04:34 localhost kernel: pci 0000:01:06.6: BAR 0 [mem 0x87e056000000-0x87e0567fffff 64bit]: from Enhanced Allocation, properties 0x0
Jul 02 14:04:34 localhost kernel: pci 0000:01:06.6: BAR 4 [mem 0x87e056f00000-0x87e056ffffff 64bit]: from Enhanced Allocation, properties 0x0
Jul 02 14:04:34 localhost kernel: pci 0000:01:06.7: [177d:a02e] type 00 class 0x058000 PCIe Endpoint
Jul 02 14:04:34 localhost kernel: pci 0000:01:06.7: BAR 0 [mem 0x87e057000000-0x87e0577fffff 64bit]: from Enhanced Allocation, properties 0x0
Jul 02 14:04:34 localhost kernel: pci 0000:01:06.7: BAR 4 [mem 0x87e057f00000-0x87e057ffffff 64bit]: from Enhanced Allocation, properties 0x0
Jul 02 14:04:34 localhost kernel: pci 0000:01:07.0: [177d:a02f] type 00 class 0x058000 PCIe Endpoint
Jul 02 14:04:34 localhost kernel: pci 0000:01:07.0: BAR 0 [mem 0x87e058000000-0x87e0587fffff 64bit]: from Enhanced Allocation, properties 0x0
Jul 02 14:04:34 localhost kernel: pci 0000:01:07.0: BAR 4 [mem 0x87e058f00000-0x87e058ffffff 64bit]: from Enhanced Allocation, properties 0x0
Jul 02 14:04:34 localhost kernel: pci 0000:01:07.1: [177d:a02f] type 00 class 0x058000 PCIe Endpoint
Jul 02 14:04:34 localhost kernel: pci 0000:01:07.1: BAR 0 [mem 0x87e059000000-0x87e0597fffff 64bit]: from Enhanced Allocation, properties 0x0
Jul 02 14:04:34 localhost kernel: pci 0000:01:07.1: BAR 4 [mem 0x87e059f00000-0x87e059ffffff 64bit]: from Enhanced Allocation, properties 0x0
Jul 02 14:04:34 localhost kernel: pci 0000:01:07.2: [177d:a02f] type 00 class 0x058000 PCIe Endpoint
Jul 02 14:04:34 localhost kernel: pci 0000:01:07.2: BAR 0 [mem 0x87e05a000000-0x87e05a7fffff 64bit]: from Enhanced Allocation, properties 0x0
Jul 02 14:04:34 localhost kernel: pci 0000:01:07.2: BAR 4 [mem 0x87e05af00000-0x87e05affffff 64bit]: from Enhanced Allocation, properties 0x0
Jul 02 14:04:34 localhost kernel: pci 0000:01:07.3: [177d:a02f] type 00 class 0x058000 PCIe Endpoint
Jul 02 14:04:34 localhost kernel: pci 0000:01:07.3: BAR 0 [mem 0x87e05b000000-0x87e05b7fffff 64bit]: from Enhanced Allocation, properties 0x0
Jul 02 14:04:34 localhost kernel: pci 0000:01:07.3: BAR 4 [mem 0x87e05bf00000-0x87e05bffffff 64bit]: from Enhanced Allocation, properties 0x0
Jul 02 14:04:34 localhost kernel: pci 0000:01:07.4: [177d:a030] type 00 class 0x058000 PCIe Endpoint
Jul 02 14:04:34 localhost kernel: pci 0000:01:07.4: BAR 0 [mem 0x87e05c000000-0x87e05c7fffff 64bit]: from Enhanced Allocation, properties 0x0
Jul 02 14:04:34 localhost kernel: pci 0000:01:07.4: BAR 4 [mem 0x87e05cf00000-0x87e05cffffff 64bit]: from Enhanced Allocation, properties 0x0
Jul 02 14:04:34 localhost kernel: pci 0000:01:07.5: [177d:a030] type 00 class 0x058000 PCIe Endpoint
Jul 02 14:04:34 localhost kernel: pci 0000:01:07.5: BAR 0 [mem 0x87e05d000000-0x87e05d7fffff 64bit]: from Enhanced Allocation, properties 0x0
Jul 02 14:04:34 localhost kernel: pci 0000:01:07.5: BAR 4 [mem 0x87e05df00000-0x87e05dffffff 64bit]: from Enhanced Allocation, properties 0x0
Jul 02 14:04:34 localhost kernel: pci 0000:01:07.6: [177d:a030] type 00 class 0x058000 PCIe Endpoint
Jul 02 14:04:34 localhost kernel: pci 0000:01:07.6: BAR 0 [mem 0x87e05e000000-0x87e05e7fffff 64bit]: from Enhanced Allocation, properties 0x0
Jul 02 14:04:34 localhost kernel: pci 0000:01:07.6: BAR 4 [mem 0x87e05ef00000-0x87e05effffff 64bit]: from Enhanced Allocation, properties 0x0
Jul 02 14:04:34 localhost kernel: pci 0000:01:07.7: [177d:a030] type 00 class 0x058000 PCIe Endpoint
Jul 02 14:04:34 localhost kernel: pci 0000:01:07.7: BAR 0 [mem 0x87e05f000000-0x87e05f7fffff 64bit]: from Enhanced Allocation, properties 0x0
Jul 02 14:04:34 localhost kernel: pci 0000:01:07.7: BAR 4 [mem 0x87e05ff00000-0x87e05fffffff 64bit]: from Enhanced Allocation, properties 0x0
Jul 02 14:04:34 localhost kernel: pci 0000:01:09.0: [177d:a012] type 00 class 0x0c8000 PCIe Endpoint
Jul 02 14:04:34 localhost kernel: pci 0000:01:09.0: BAR 0 [mem 0x87e0d0000000-0x87e0d07fffff 64bit]: from Enhanced Allocation, properties 0x0
Jul 02 14:04:34 localhost kernel: pci 0000:01:09.0: BAR 4 [mem 0x87e0d0f00000-0x87e0d0ffffff 64bit]: from Enhanced Allocation, properties 0x0
Jul 02 14:04:34 localhost kernel: pci 0000:01:09.1: [177d:a012] type 00 class 0x0c8000 PCIe Endpoint
Jul 02 14:04:34 localhost kernel: pci 0000:01:09.1: BAR 0 [mem 0x87e0d1000000-0x87e0d17fffff 64bit]: from Enhanced Allocation, properties 0x0
Jul 02 14:04:34 localhost kernel: pci 0000:01:09.1: BAR 4 [mem 0x87e0d1f00000-0x87e0d1ffffff 64bit]: from Enhanced Allocation, properties 0x0
Jul 02 14:04:34 localhost kernel: pci 0000:01:09.2: [177d:a012] type 00 class 0x0c8000 PCIe Endpoint
Jul 02 14:04:34 localhost kernel: pci 0000:01:09.2: BAR 0 [mem 0x87e0d2000000-0x87e0d27fffff 64bit]: from Enhanced Allocation, properties 0x0
Jul 02 14:04:34 localhost kernel: pci 0000:01:09.2: BAR 4 [mem 0x87e0d2f00000-0x87e0d2ffffff 64bit]: from Enhanced Allocation, properties 0x0
Jul 02 14:04:34 localhost kernel: pci 0000:01:09.3: [177d:a012] type 00 class 0x0c8000 PCIe Endpoint
Jul 02 14:04:34 localhost kernel: pci 0000:01:09.3: BAR 0 [mem 0x87e0d3000000-0x87e0d37fffff 64bit]: from Enhanced Allocation, properties 0x0
Jul 02 14:04:34 localhost kernel: pci 0000:01:09.3: BAR 4 [mem 0x87e0d3f00000-0x87e0d3ffffff 64bit]: from Enhanced Allocation, properties 0x0
Jul 02 14:04:34 localhost kernel: pci 0000:01:09.4: [177d:a012] type 00 class 0x0c8000 PCIe Endpoint
Jul 02 14:04:34 localhost kernel: pci 0000:01:09.4: BAR 0 [mem 0x87e0d4000000-0x87e0d47fffff 64bit]: from Enhanced Allocation, properties 0x0
Jul 02 14:04:34 localhost kernel: pci 0000:01:09.4: BAR 4 [mem 0x87e0d4f00000-0x87e0d4ffffff 64bit]: from Enhanced Allocation, properties 0x0
Jul 02 14:04:34 localhost kernel: pci 0000:01:09.5: [177d:a012] type 00 class 0x0c8000 PCIe Endpoint
Jul 02 14:04:34 localhost kernel: pci 0000:01:09.5: BAR 0 [mem 0x87e0d5000000-0x87e0d57fffff 64bit]: from Enhanced Allocation, properties 0x0
Jul 02 14:04:34 localhost kernel: pci 0000:01:09.5: BAR 4 [mem 0x87e0d5f00000-0x87e0d5ffffff 64bit]: from Enhanced Allocation, properties 0x0
Jul 02 14:04:34 localhost kernel: pci 0000:01:0a.0: [177d:a022] type 00 class 0x058000 PCIe Endpoint
Jul 02 14:04:34 localhost kernel: pci 0000:01:0a.0: BAR 0 [mem 0x87e088000000-0x87e0887fffff 64bit]: from Enhanced Allocation, properties 0x0
Jul 02 14:04:34 localhost kernel: pci 0000:01:0a.0: BAR 4 [mem 0x87e088f00000-0x87e088ffffff 64bit]: from Enhanced Allocation, properties 0x0
Jul 02 14:04:34 localhost kernel: pci 0000:01:0a.1: [177d:a022] type 00 class 0x058000 PCIe Endpoint
Jul 02 14:04:34 localhost kernel: pci 0000:01:0a.1: BAR 0 [mem 0x87e089000000-0x87e0897fffff 64bit]: from Enhanced Allocation, properties 0x0
Jul 02 14:04:34 localhost kernel: pci 0000:01:0a.1: BAR 4 [mem 0x87e089f00000-0x87e089ffffff 64bit]: from Enhanced Allocation, properties 0x0
Jul 02 14:04:34 localhost kernel: pci 0000:01:0a.2: [177d:a022] type 00 class 0x058000 PCIe Endpoint
Jul 02 14:04:34 localhost kernel: pci 0000:01:0a.2: BAR 0 [mem 0x87e08a000000-0x87e08a7fffff 64bit]: from Enhanced Allocation, properties 0x0
Jul 02 14:04:34 localhost kernel: pci 0000:01:0a.2: BAR 4 [mem 0x87e08af00000-0x87e08affffff 64bit]: from Enhanced Allocation, properties 0x0
Jul 02 14:04:34 localhost kernel: pci 0000:01:0a.3: [177d:a022] type 00 class 0x058000 PCIe Endpoint
Jul 02 14:04:34 localhost kernel: pci 0000:01:0a.3: BAR 0 [mem 0x87e08b000000-0x87e08b7fffff 64bit]: from Enhanced Allocation, properties 0x0
Jul 02 14:04:34 localhost kernel: pci 0000:01:0a.3: BAR 4 [mem 0x87e08bf00000-0x87e08bffffff 64bit]: from Enhanced Allocation, properties 0x0
Jul 02 14:04:34 localhost kernel: pci 0000:01:10.0: [177d:a026] type 00 class 0x028000 PCIe Endpoint
Jul 02 14:04:34 localhost kernel: pci 0000:01:10.0: BAR 0 [mem 0x87e0e0000000-0x87e0e03fffff 64bit]: from Enhanced Allocation, properties 0x0
Jul 02 14:04:34 localhost kernel: pci 0000:01:10.0: BAR 4 [mem 0x87e0e0400000-0x87e0e07fffff 64bit]: from Enhanced Allocation, properties 0x0
Jul 02 14:04:34 localhost kernel: pci 0000:01:10.1: [177d:a026] type 00 class 0x028000 PCIe Endpoint
Jul 02 14:04:34 localhost kernel: pci 0000:01:10.1: BAR 0 [mem 0x87e0e1000000-0x87e0e13fffff 64bit]: from Enhanced Allocation, properties 0x0
Jul 02 14:04:34 localhost kernel: pci 0000:01:10.1: BAR 4 [mem 0x87e0e1400000-0x87e0e17fffff 64bit]: from Enhanced Allocation, properties 0x0
Jul 02 14:04:34 localhost kernel: pci 0000:01:00.0: disabling ASPM on pre-1.1 PCIe device.  You can enable it with 'pcie_aspm=force'
Jul 02 14:04:34 localhost kernel: pci_bus 0000:01: busn_res: [bus 01-1f] end is updated to 01
Jul 02 14:04:34 localhost kernel: pci 0000:02:00.0: [177d:a01d] type 00 class 0x010400 PCIe Endpoint
Jul 02 14:04:34 localhost kernel: pci 0000:02:00.0: BAR 0 [mem 0x870000000000-0x8700007fffff 64bit]: from Enhanced Allocation, properties 0x0
Jul 02 14:04:34 localhost kernel: pci 0000:02:00.0: BAR 4 [mem 0x870000f00000-0x870000ffffff 64bit]: from Enhanced Allocation, properties 0x0
Jul 02 14:04:34 localhost kernel: pci 0000:02:00.0: disabling ASPM on pre-1.1 PCIe device.  You can enable it with 'pcie_aspm=force'
Jul 02 14:04:34 localhost kernel: pci_bus 0000:02: busn_res: [bus 02-1f] end is updated to 02
Jul 02 14:04:34 localhost kernel: pci 0000:03:00.0: [177d:a01a] type 00 class 0x120000 PCIe Endpoint
Jul 02 14:04:34 localhost kernel: pci 0000:03:00.0: BAR 0 [mem 0x838000000000-0x8380003fffff 64bit]: from Enhanced Allocation, properties 0x0
Jul 02 14:04:34 localhost kernel: pci 0000:03:00.0: BAR 4 [mem 0x838000f00000-0x838000ffffff 64bit]: from Enhanced Allocation, properties 0x0
Jul 02 14:04:34 localhost kernel: pci 0000:03:00.0: disabling ASPM on pre-1.1 PCIe device.  You can enable it with 'pcie_aspm=force'
Jul 02 14:04:34 localhost kernel: pci_bus 0000:03: busn_res: [bus 03-1f] end is updated to 03
Jul 02 14:04:34 localhost kernel: pci 0000:04:00.0: [177d:a019] type 00 class 0x120000 PCIe Endpoint
Jul 02 14:04:34 localhost kernel: pci 0000:04:00.0: BAR 0 [mem 0x846000000000-0x8467ffffffff 64bit]: from Enhanced Allocation, properties 0x0
Jul 02 14:04:34 localhost kernel: pci 0000:04:00.0: BAR 4 [mem 0x846a00000000-0x846a000fffff 64bit]: from Enhanced Allocation, properties 0x0
Jul 02 14:04:34 localhost kernel: pci 0000:04:00.0: disabling ASPM on pre-1.1 PCIe device.  You can enable it with 'pcie_aspm=force'
Jul 02 14:04:34 localhost kernel: pci_bus 0000:04: busn_res: [bus 04-1f] end is updated to 04
Jul 02 14:04:34 localhost kernel: pci 0000:00:01.0: PCI bridge to [bus 01]
Jul 02 14:04:34 localhost kernel: pci 0000:00:14.0: PCI bridge to [bus 02]
Jul 02 14:04:34 localhost kernel: pci 0000:00:15.0: PCI bridge to [bus 03]
Jul 02 14:04:34 localhost kernel: pci 0000:00:16.0: PCI bridge to [bus 04]
Jul 02 14:04:34 localhost kernel: pci-host-generic 849000000000.pci: host bridge /soc@0/pci@849000000000 ranges:
Jul 02 14:04:34 localhost kernel: pci-host-generic 849000000000.pci:      MEM 0x810000000000..0x817fffffffff -> 0x810000000000
Jul 02 14:04:34 localhost kernel: pci-host-generic 849000000000.pci: Memory resource size exceeds max for 32 bits
Jul 02 14:04:34 localhost kernel: pci-host-generic 849000000000.pci: ECAM at [mem 0x849000000000-0x849001ffffff] for [bus 00-1f]
Jul 02 14:04:34 localhost kernel: pci-host-generic 849000000000.pci: PCI host bridge to bus 0001:00
Jul 02 14:04:34 localhost kernel: pci_bus 0001:00: root bus resource [bus 00-1f]
Jul 02 14:04:34 localhost kernel: pci_bus 0001:00: root bus resource [mem 0x810000000000-0x817fffffffff]
Jul 02 14:04:34 localhost kernel: pci 0001:00:08.0: [177d:a01c] type 00 class 0x010601 PCIe Endpoint
Jul 02 14:04:34 localhost kernel: pci 0001:00:08.0: BAR 0 [mem 0x814000000000-0x8140001fffff 64bit]: from Enhanced Allocation, properties 0x0
Jul 02 14:04:34 localhost kernel: pci 0001:00:08.0: BAR 4 [mem 0x814000200000-0x8140002fffff 64bit]: from Enhanced Allocation, properties 0x0
Jul 02 14:04:34 localhost kernel: pci 0001:00:09.0: [177d:a01c] type 00 class 0x010601 PCIe Endpoint
Jul 02 14:04:34 localhost kernel: pci 0001:00:09.0: BAR 0 [mem 0x815000000000-0x8150001fffff 64bit]: from Enhanced Allocation, properties 0x0
Jul 02 14:04:34 localhost kernel: pci 0001:00:09.0: BAR 4 [mem 0x815000200000-0x8150002fffff 64bit]: from Enhanced Allocation, properties 0x0
Jul 02 14:04:34 localhost kernel: pci 0001:00:0a.0: [177d:a01c] type 00 class 0x010601 PCIe Endpoint
Jul 02 14:04:34 localhost kernel: pci 0001:00:0a.0: BAR 0 [mem 0x816000000000-0x8160001fffff 64bit]: from Enhanced Allocation, properties 0x0
Jul 02 14:04:34 localhost kernel: pci 0001:00:0a.0: BAR 4 [mem 0x816000200000-0x8160002fffff 64bit]: from Enhanced Allocation, properties 0x0
Jul 02 14:04:34 localhost kernel: pci 0001:00:0b.0: [177d:a01c] type 00 class 0x010601 PCIe Endpoint
Jul 02 14:04:34 localhost kernel: pci 0001:00:0b.0: BAR 0 [mem 0x817000000000-0x8170001fffff 64bit]: from Enhanced Allocation, properties 0x0
Jul 02 14:04:34 localhost kernel: pci 0001:00:0b.0: BAR 4 [mem 0x817000200000-0x8170002fffff 64bit]: from Enhanced Allocation, properties 0x0
Jul 02 14:04:34 localhost kernel: pci-host-generic 84a000000000.pci: host bridge /soc@0/pci@84a000000000 ranges:
Jul 02 14:04:34 localhost kernel: pci-host-generic 84a000000000.pci:      MEM 0x842000000000..0x843fffffffff -> 0x842000000000
Jul 02 14:04:34 localhost kernel: pci-host-generic 84a000000000.pci: Memory resource size exceeds max for 32 bits
Jul 02 14:04:34 localhost kernel: pci-host-generic 84a000000000.pci: ECAM at [mem 0x84a000000000-0x84a001ffffff] for [bus 00-1f]
Jul 02 14:04:34 localhost kernel: pci-host-generic 84a000000000.pci: PCI host bridge to bus 0002:00
Jul 02 14:04:34 localhost kernel: pci_bus 0002:00: root bus resource [bus 00-1f]
Jul 02 14:04:34 localhost kernel: pci_bus 0002:00: root bus resource [mem 0x842000000000-0x843fffffffff]
Jul 02 14:04:34 localhost kernel: pci 0002:00:02.0: [177d:a002] type 01 class 0x060400 PCIe Root Port
Jul 02 14:04:34 localhost kernel: pci 0002:00:02.0: PCI bridge to [bus 01]
Jul 02 14:04:34 localhost kernel: pci 0002:00:02.0:   bridge window [mem 0x00000000-0x000fffff]
Jul 02 14:04:34 localhost kernel: pci 0002:00:03.0: [177d:a01f] type 00 class 0x028000 PCIe Endpoint
Jul 02 14:04:34 localhost kernel: pci 0002:00:03.0: BAR 0 [mem 0x842000000000-0x84200000ffff 64bit]: from Enhanced Allocation, properties 0x0
Jul 02 14:04:34 localhost kernel: pci 0002:00:03.0: BAR 2 [mem 0x842040000000-0x84207fffffff 64bit]: from Enhanced Allocation, properties 0x0
Jul 02 14:04:34 localhost kernel: pci 0002:00:03.0: BAR 4 [mem 0x842000f00000-0x842000ffffff 64bit]: from Enhanced Allocation, properties 0x0
Jul 02 14:04:34 localhost kernel: pci 0002:01:00.0: [177d:a01e] type 00 class 0x020000 PCIe Endpoint
Jul 02 14:04:34 localhost kernel: pci 0002:01:00.0: BAR 0 [mem 0x843000000000-0x84303fffffff 64bit]: from Enhanced Allocation, properties 0x0
Jul 02 14:04:34 localhost kernel: pci 0002:01:00.0: BAR 4 [mem 0x843060000000-0x8430600fffff 64bit]: from Enhanced Allocation, properties 0x0
Jul 02 14:04:34 localhost kernel: pci 0002:01:00.0: VF BAR 2 [mem 0x8430a0000000-0x8430a01fffff 64bit]: from Enhanced Allocation, properties 0x4
Jul 02 14:04:34 localhost kernel: pci 0002:01:00.0: bridge window [mem 0x8430e0000000-0x8430e01fffff 64bit]: from Enhanced Allocation, properties 0x4
Jul 02 14:04:34 localhost kernel: pci 0002:01:00.0: VF BAR 0 [mem 0x8430a0000000-0x8430afffffff 64bit]: contains BAR 0 for 128 VFs
Jul 02 14:04:34 localhost kernel: pci 0002:01:00.0: VF BAR 4 [mem 0x8430e0000000-0x8430efffffff 64bit]: contains BAR 4 for 128 VFs
Jul 02 14:04:34 localhost kernel: pci 0002:01:00.0: disabling ASPM on pre-1.1 PCIe device.  You can enable it with 'pcie_aspm=force'
Jul 02 14:04:34 localhost kernel: pci_bus 0002:01: busn_res: [bus 01-1f] end is updated to 01
Jul 02 14:04:34 localhost kernel: pci 0002:00:02.0: PCI bridge to [bus 01]
Jul 02 14:04:34 localhost kernel: pci-host-generic 84b000000000.pci: host bridge /soc@0/pci@84b000000000 ranges:
Jul 02 14:04:34 localhost kernel: pci-host-generic 84b000000000.pci:      MEM 0x818000000000..0x81ffffffffff -> 0x818000000000
Jul 02 14:04:34 localhost kernel: pci-host-generic 84b000000000.pci: Memory resource size exceeds max for 32 bits
Jul 02 14:04:34 localhost kernel: pci-host-generic 84b000000000.pci: ECAM at [mem 0x84b000000000-0x84b001ffffff] for [bus 00-1f]
Jul 02 14:04:34 localhost kernel: pci-host-generic 84b000000000.pci: PCI host bridge to bus 0003:00
Jul 02 14:04:34 localhost kernel: pci_bus 0003:00: root bus resource [bus 00-1f]
Jul 02 14:04:34 localhost kernel: pci_bus 0003:00: root bus resource [mem 0x818000000000-0x81ffffffffff]
Jul 02 14:04:34 localhost kernel: pci_thunder_pem 88001f000000.pci: host bridge /soc@0/pci@87e0c0000000 ranges:
Jul 02 14:04:34 localhost kernel: pci_thunder_pem 88001f000000.pci:       IO 0x883000000000..0x88300000ffff -> 0x0000000000
Jul 02 14:04:34 localhost kernel: pci_thunder_pem 88001f000000.pci:      MEM 0x881010000000..0x881fffffffff -> 0x0010000000
Jul 02 14:04:34 localhost kernel: pci_thunder_pem 88001f000000.pci:      MEM 0x882000000000..0x882fffffffff -> 0x1000000000
Jul 02 14:04:34 localhost kernel: pci_thunder_pem 88001f000000.pci:      MEM 0x87e0c0000000..0x87e0c0ffffff -> 0x87e0c0000000
Jul 02 14:04:34 localhost kernel: pci_thunder_pem 88001f000000.pci: Memory resource size exceeds max for 32 bits
Jul 02 14:04:34 localhost kernel: pci_thunder_pem 88001f000000.pci: ECAM at [mem 0x88001f000000-0x880057ffffff] for [bus 1f-57]
Jul 02 14:04:34 localhost kernel: pci_thunder_pem 88001f000000.pci: PCI host bridge to bus 0004:1f
Jul 02 14:04:34 localhost kernel: pci_bus 0004:1f: root bus resource [bus 1f-57]
Jul 02 14:04:34 localhost kernel: pci_bus 0004:1f: root bus resource [io  0x0000-0xffff]
Jul 02 14:04:34 localhost kernel: pci_bus 0004:1f: root bus resource [mem 0x881010000000-0x881fffffffff] (bus address [0x10000000-0xfffffffff])
Jul 02 14:04:34 localhost kernel: pci_bus 0004:1f: root bus resource [mem 0x882000000000-0x882fffffffff pref] (bus address [0x1000000000-0x1fffffffff])
Jul 02 14:04:34 localhost kernel: pci_bus 0004:1f: root bus resource [mem 0x87e0c0000000-0x87e0c0ffffff]
Jul 02 14:04:34 localhost kernel: pci 0004:1f:00.0: [177d:a100] type 01 class 0x060400 PCIe Root Port
Jul 02 14:04:34 localhost kernel: pci 0004:1f:00.0: BAR 0 [mem 0x00000000-0x00007fff 64bit pref]
Jul 02 14:04:34 localhost kernel: pci 0004:1f:00.0: ROM [mem 0x00000000-0x0000ffff pref]
Jul 02 14:04:34 localhost kernel: pci 0004:1f:00.0: PCI bridge to [bus 20-57]
Jul 02 14:04:34 localhost kernel: pci 0004:1f:00.0:   bridge window [io  0x0000-0x0fff]
Jul 02 14:04:34 localhost kernel: pci 0004:1f:00.0:   bridge window [mem 0x00000000-0xffffffff]
Jul 02 14:04:34 localhost kernel: pci 0004:1f:00.0:   bridge window [mem 0x882000000000-0x882fffffffff 64bit pref]
Jul 02 14:04:34 localhost kernel: pci 0004:1f:00.0: enabling Extended Tags
Jul 02 14:04:34 localhost kernel: pci 0004:1f:00.0: BAR 0 [mem 0x87e0c0f00000-0x87e0c0ffffff 64bit]: from Enhanced Allocation, properties 0x0
Jul 02 14:04:34 localhost kernel: pci 0004:1f:00.0: Primary bus is hard wired to 0
Jul 02 14:04:34 localhost kernel: pci 0004:20:00.0: [8086:2700] type 00 class 0x010802 PCIe Endpoint
Jul 02 14:04:34 localhost kernel: pci 0004:20:00.0: BAR 0 [mem 0x881010000000-0x881010003fff 64bit]
Jul 02 14:04:34 localhost kernel: pci 0004:20:00.0: ROM [mem 0x8810ffff0000-0x8810ffffffff pref]
Jul 02 14:04:34 localhost kernel: pci 0004:20:00.0: Max Payload Size set to 256 (was 128, max 256)
Jul 02 14:04:34 localhost kernel: pci 0004:20:00.0: enabling Extended Tags
Jul 02 14:04:34 localhost kernel: pci_bus 0004:20: busn_res: [bus 20-57] end is updated to 20
Jul 02 14:04:34 localhost kernel: pci 0004:1f:00.0: bridge window [mem 0x881010000000-0x8810100fffff]: assigned
Jul 02 14:04:34 localhost kernel: pci 0004:1f:00.0: ROM [mem 0x881010100000-0x88101010ffff pref]: assigned
Jul 02 14:04:34 localhost kernel: pci 0004:20:00.0: ROM [mem 0x881010000000-0x88101000ffff pref]: assigned
Jul 02 14:04:34 localhost kernel: pci 0004:20:00.0: BAR 0 [mem 0x881010010000-0x881010013fff 64bit]: assigned
Jul 02 14:04:34 localhost kernel: pci 0004:1f:00.0: PCI bridge to [bus 20]
Jul 02 14:04:34 localhost kernel: pci 0004:1f:00.0:   bridge window [mem 0x881010000000-0x8810100fffff]
Jul 02 14:04:34 localhost kernel: pcieport 0004:1f:00.0: PME: Signaling with IRQ 19
Jul 02 14:04:34 localhost kernel: pcieport 0004:1f:00.0: AER: enabled with IRQ 17
Jul 02 14:04:34 localhost kernel: Serial: 8250/16550 driver, 32 ports, IRQ sharing enabled
Jul 02 14:04:34 localhost kernel: msm_serial: driver initialized
Jul 02 14:04:34 localhost kernel: SuperH (H)SCI(F) driver initialized
Jul 02 14:04:34 localhost kernel: arm-smmu: deprecated "mmu-masters" DT property in use; SMMU support unavailable
Jul 02 14:04:34 localhost kernel: arm-smmu 830000000000.smmu0: probing hardware configuration...
Jul 02 14:04:34 localhost kernel: arm-smmu 830000000000.smmu0: SMMUv2 with:
Jul 02 14:04:34 localhost kernel: arm-smmu 830000000000.smmu0:         stage 1 translation
Jul 02 14:04:34 localhost kernel: arm-smmu 830000000000.smmu0:         stage 2 translation
Jul 02 14:04:34 localhost kernel: arm-smmu 830000000000.smmu0:         nested translation
Jul 02 14:04:34 localhost kernel: arm-smmu 830000000000.smmu0:         non-coherent table walk
Jul 02 14:04:34 localhost kernel: arm-smmu 830000000000.smmu0:         (IDR0.CTTW overridden by FW configuration)
Jul 02 14:04:34 localhost kernel: arm-smmu 830000000000.smmu0:         stream matching with 128 register groups
Jul 02 14:04:34 localhost kernel: arm-smmu 830000000000.smmu0:         128 context banks (0 stage-2 only)
Jul 02 14:04:34 localhost kernel: arm-smmu 830000000000.smmu0:         enabling workaround for Cavium erratum 27704
Jul 02 14:04:34 localhost kernel: arm-smmu 830000000000.smmu0:         Supported page sizes: 0x62215000
Jul 02 14:04:34 localhost kernel: arm-smmu 830000000000.smmu0:         Stage-1: 48-bit VA -> 48-bit IPA
Jul 02 14:04:34 localhost kernel: arm-smmu 830000000000.smmu0:         Stage-2: 48-bit IPA -> 48-bit PA
Jul 02 14:04:34 localhost kernel: arm-smmu 830000000000.smmu0:         preserved 0 boot mappings
Jul 02 14:04:34 localhost kernel: arm-smmu 831000000000.smmu1: probing hardware configuration...
Jul 02 14:04:34 localhost kernel: arm-smmu 831000000000.smmu1: SMMUv2 with:
Jul 02 14:04:34 localhost kernel: arm-smmu 831000000000.smmu1:         stage 1 translation
Jul 02 14:04:34 localhost kernel: arm-smmu 831000000000.smmu1:         stage 2 translation
Jul 02 14:04:34 localhost kernel: arm-smmu 831000000000.smmu1:         nested translation
Jul 02 14:04:34 localhost kernel: arm-smmu 831000000000.smmu1:         non-coherent table walk
Jul 02 14:04:34 localhost kernel: arm-smmu 831000000000.smmu1:         (IDR0.CTTW overridden by FW configuration)
Jul 02 14:04:34 localhost kernel: arm-smmu 831000000000.smmu1:         stream matching with 128 register groups
Jul 02 14:04:34 localhost kernel: arm-smmu 831000000000.smmu1:         128 context banks (0 stage-2 only)
Jul 02 14:04:34 localhost kernel: arm-smmu 831000000000.smmu1:         enabling workaround for Cavium erratum 27704
Jul 02 14:04:34 localhost kernel: arm-smmu 831000000000.smmu1:         Supported page sizes: 0x62215000
Jul 02 14:04:34 localhost kernel: arm-smmu 831000000000.smmu1:         Stage-1: 48-bit VA -> 48-bit IPA
Jul 02 14:04:34 localhost kernel: arm-smmu 831000000000.smmu1:         Stage-2: 48-bit IPA -> 48-bit PA
Jul 02 14:04:34 localhost kernel: arm-smmu 831000000000.smmu1:         preserved 0 boot mappings
Jul 02 14:04:34 localhost kernel: arm-smmu 832000000000.smmu2: probing hardware configuration...
Jul 02 14:04:34 localhost kernel: arm-smmu 832000000000.smmu2: SMMUv2 with:
Jul 02 14:04:34 localhost kernel: arm-smmu 832000000000.smmu2:         stage 1 translation
Jul 02 14:04:34 localhost kernel: arm-smmu 832000000000.smmu2:         stage 2 translation
Jul 02 14:04:34 localhost kernel: arm-smmu 832000000000.smmu2:         nested translation
Jul 02 14:04:34 localhost kernel: arm-smmu 832000000000.smmu2:         non-coherent table walk
Jul 02 14:04:34 localhost kernel: arm-smmu 832000000000.smmu2:         (IDR0.CTTW overridden by FW configuration)
Jul 02 14:04:34 localhost kernel: arm-smmu 832000000000.smmu2:         stream matching with 128 register groups
Jul 02 14:04:34 localhost kernel: arm-smmu 832000000000.smmu2:         128 context banks (0 stage-2 only)
Jul 02 14:04:34 localhost kernel: arm-smmu 832000000000.smmu2:         enabling workaround for Cavium erratum 27704
Jul 02 14:04:34 localhost kernel: arm-smmu 832000000000.smmu2:         Supported page sizes: 0x62215000
Jul 02 14:04:34 localhost kernel: arm-smmu 832000000000.smmu2:         Stage-1: 48-bit VA -> 48-bit IPA
Jul 02 14:04:34 localhost kernel: arm-smmu 832000000000.smmu2:         Stage-2: 48-bit IPA -> 48-bit PA
Jul 02 14:04:34 localhost kernel: arm-smmu 832000000000.smmu2:         preserved 0 boot mappings
Jul 02 14:04:34 localhost kernel: arm-smmu 833000000000.smmu3: probing hardware configuration...
Jul 02 14:04:34 localhost kernel: arm-smmu 833000000000.smmu3: SMMUv2 with:
Jul 02 14:04:34 localhost kernel: arm-smmu 833000000000.smmu3:         stage 1 translation
Jul 02 14:04:34 localhost kernel: arm-smmu 833000000000.smmu3:         stage 2 translation
Jul 02 14:04:34 localhost kernel: arm-smmu 833000000000.smmu3:         nested translation
Jul 02 14:04:34 localhost kernel: arm-smmu 833000000000.smmu3:         non-coherent table walk
Jul 02 14:04:34 localhost kernel: arm-smmu 833000000000.smmu3:         (IDR0.CTTW overridden by FW configuration)
Jul 02 14:04:34 localhost kernel: arm-smmu 833000000000.smmu3:         stream matching with 128 register groups
Jul 02 14:04:34 localhost kernel: arm-smmu 833000000000.smmu3:         128 context banks (0 stage-2 only)
Jul 02 14:04:34 localhost kernel: arm-smmu 833000000000.smmu3:         enabling workaround for Cavium erratum 27704
Jul 02 14:04:34 localhost kernel: arm-smmu 833000000000.smmu3:         Supported page sizes: 0x62215000
Jul 02 14:04:34 localhost kernel: arm-smmu 833000000000.smmu3:         Stage-1: 48-bit VA -> 48-bit IPA
Jul 02 14:04:34 localhost kernel: arm-smmu 833000000000.smmu3:         Stage-2: 48-bit IPA -> 48-bit PA
Jul 02 14:04:34 localhost kernel: arm-smmu 833000000000.smmu3:         preserved 0 boot mappings
Jul 02 14:04:34 localhost kernel: loop: module loaded
Jul 02 14:04:34 localhost kernel: Loading iSCSI transport class v2.0-870.
Jul 02 14:04:34 localhost kernel: iscsi: registered transport (tcp)
Jul 02 14:04:34 localhost kernel: mdio_thunder 0000:01:01.3: Added bus at 87e005003800
Jul 02 14:04:34 localhost kernel: mdio_thunder 0000:01:01.3: Added bus at 87e005003880
Jul 02 14:04:34 localhost kernel: tun: Universal TUN/TAP device driver, 1.6
Jul 02 14:04:34 localhost kernel: thunder_xcv, ver 1.0
Jul 02 14:04:34 localhost kernel: thunder_bgx, ver 1.0
Jul 02 14:04:34 localhost kernel: thunder_bgx 0000:01:10.0: BGX0 QLM mode: XLAUI
Jul 02 14:04:34 localhost kernel: thunder_bgx 0000:01:10.1: BGX1 QLM mode: XLAUI
Jul 02 14:04:34 localhost kernel: nicpf, ver 1.0
Jul 02 14:04:34 localhost kernel: pci 0002:01:00.1: [177d:a034] type 00 class 0x020000 PCIe Endpoint
Jul 02 14:04:34 localhost kernel: pci 0002:01:00.2: [177d:a034] type 00 class 0x020000 PCIe Endpoint
Jul 02 14:04:34 localhost kernel: pci 0002:01:00.3: [177d:a034] type 00 class 0x020000 PCIe Endpoint
Jul 02 14:04:34 localhost kernel: pci 0002:01:00.4: [177d:a034] type 00 class 0x020000 PCIe Endpoint
Jul 02 14:04:34 localhost kernel: pci 0002:01:00.5: [177d:a034] type 00 class 0x020000 PCIe Endpoint
Jul 02 14:04:34 localhost kernel: pci 0002:01:00.6: [177d:a034] type 00 class 0x020000 PCIe Endpoint
Jul 02 14:04:34 localhost kernel: pci 0002:01:00.7: [177d:a034] type 00 class 0x020000 PCIe Endpoint
Jul 02 14:04:34 localhost kernel: pci 0002:01:01.0: [177d:a034] type 00 class 0x020000 PCIe Endpoint
Jul 02 14:04:34 localhost kernel: pci 0002:01:01.1: [177d:a034] type 00 class 0x020000 PCIe Endpoint
Jul 02 14:04:34 localhost kernel: pci 0002:01:01.2: [177d:a034] type 00 class 0x020000 PCIe Endpoint
Jul 02 14:04:34 localhost kernel: pci 0002:01:01.3: [177d:a034] type 00 class 0x020000 PCIe Endpoint
Jul 02 14:04:34 localhost kernel: pci 0002:01:01.4: [177d:a034] type 00 class 0x020000 PCIe Endpoint
Jul 02 14:04:34 localhost kernel: pci 0002:01:01.5: [177d:a034] type 00 class 0x020000 PCIe Endpoint
Jul 02 14:04:34 localhost kernel: pci 0002:01:01.6: [177d:a034] type 00 class 0x020000 PCIe Endpoint
Jul 02 14:04:34 localhost kernel: pci 0002:01:01.7: [177d:a034] type 00 class 0x020000 PCIe Endpoint
Jul 02 14:04:34 localhost kernel: pci 0002:01:02.0: [177d:a034] type 00 class 0x020000 PCIe Endpoint
Jul 02 14:04:34 localhost kernel: pci 0002:01:02.1: [177d:a034] type 00 class 0x020000 PCIe Endpoint
Jul 02 14:04:34 localhost kernel: pci 0002:01:02.2: [177d:a034] type 00 class 0x020000 PCIe Endpoint
Jul 02 14:04:34 localhost kernel: pci 0002:01:02.3: [177d:a034] type 00 class 0x020000 PCIe Endpoint
Jul 02 14:04:34 localhost kernel: pci 0002:01:02.4: [177d:a034] type 00 class 0x020000 PCIe Endpoint
Jul 02 14:04:34 localhost kernel: pci 0002:01:02.5: [177d:a034] type 00 class 0x020000 PCIe Endpoint
Jul 02 14:04:34 localhost kernel: pci 0002:01:02.6: [177d:a034] type 00 class 0x020000 PCIe Endpoint
Jul 02 14:04:34 localhost kernel: pci 0002:01:02.7: [177d:a034] type 00 class 0x020000 PCIe Endpoint
Jul 02 14:04:34 localhost kernel: pci 0002:01:03.0: [177d:a034] type 00 class 0x020000 PCIe Endpoint
Jul 02 14:04:34 localhost kernel: nicpf 0002:01:00.0: SRIOV enabled, number of VF available 24
Jul 02 14:04:34 localhost kernel: nicvf, ver 1.0
Jul 02 14:04:34 localhost kernel: nicvf 0002:01:00.1: enabling device (0004 -> 0006)
Jul 02 14:04:34 localhost kernel: nicvf 0002:01:00.2: enabling device (0004 -> 0006)
Jul 02 14:04:34 localhost kernel: nicvf 0002:01:00.3: enabling device (0004 -> 0006)
Jul 02 14:04:34 localhost kernel: nicvf 0002:01:00.4: enabling device (0004 -> 0006)
Jul 02 14:04:34 localhost kernel: nicvf 0002:01:00.5: enabling device (0004 -> 0006)
Jul 02 14:04:34 localhost kernel: nicvf 0002:01:00.6: enabling device (0004 -> 0006)
Jul 02 14:04:34 localhost kernel: nicvf 0002:01:00.7: enabling device (0004 -> 0006)
Jul 02 14:04:34 localhost kernel: nicvf 0002:01:01.0: enabling device (0004 -> 0006)
Jul 02 14:04:34 localhost kernel: nicvf 0002:01:01.1: enabling device (0004 -> 0006)
Jul 02 14:04:34 localhost kernel: nicvf 0002:01:01.2: enabling device (0004 -> 0006)
Jul 02 14:04:34 localhost kernel: nicvf 0002:01:01.3: enabling device (0004 -> 0006)
Jul 02 14:04:34 localhost kernel: nicvf 0002:01:01.4: enabling device (0004 -> 0006)
Jul 02 14:04:34 localhost kernel: nicvf 0002:01:01.5: enabling device (0004 -> 0006)
Jul 02 14:04:34 localhost kernel: nicvf 0002:01:01.6: enabling device (0004 -> 0006)
Jul 02 14:04:34 localhost kernel: nicvf 0002:01:01.7: enabling device (0004 -> 0006)
Jul 02 14:04:34 localhost kernel: nicvf 0002:01:02.0: enabling device (0004 -> 0006)
Jul 02 14:04:34 localhost kernel: nicvf 0002:01:02.1: enabling device (0004 -> 0006)
Jul 02 14:04:34 localhost kernel: nicvf 0002:01:02.2: enabling device (0004 -> 0006)
Jul 02 14:04:34 localhost kernel: nicvf 0002:01:02.3: enabling device (0004 -> 0006)
Jul 02 14:04:34 localhost kernel: nicvf 0002:01:02.4: enabling device (0004 -> 0006)
Jul 02 14:04:34 localhost kernel: nicvf 0002:01:02.5: enabling device (0004 -> 0006)
Jul 02 14:04:34 localhost kernel: nicvf 0002:01:02.6: enabling device (0004 -> 0006)
Jul 02 14:04:34 localhost kernel: nicvf 0002:01:02.7: enabling device (0004 -> 0006)
Jul 02 14:04:34 localhost kernel: nicvf 0002:01:03.0: enabling device (0004 -> 0006)
Jul 02 14:04:34 localhost kernel: PPP generic driver version 2.4.2
Jul 02 14:04:34 localhost kernel: mousedev: PS/2 mouse device common for all mice
Jul 02 14:04:34 localhost kernel: i2c_dev: i2c /dev entries driver
Jul 02 14:04:34 localhost kernel: device-mapper: uevent: version 1.0.3
Jul 02 14:04:34 localhost kernel: device-mapper: ioctl: 4.48.0-ioctl (2023-03-01) initialised: dm-devel@redhat.com
Jul 02 14:04:34 localhost kernel: ledtrig-cpu: registered to indicate activity on CPUs
Jul 02 14:04:34 localhost kernel: hw perfevents: enabled with armv8_cavium_thunder PMU driver, 7 counters available
Jul 02 14:04:34 localhost kernel: drop_monitor: Initializing network drop monitor service
Jul 02 14:04:34 localhost kernel: watchdog: Delayed init of the lockup detector failed: -19
Jul 02 14:04:34 localhost kernel: NET: Registered PF_INET6 protocol family
Jul 02 14:04:34 localhost kernel: watchdog: Hard watchdog permanently disabled
Jul 02 14:04:34 localhost kernel: Segment Routing with IPv6
Jul 02 14:04:34 localhost kernel: In-situ OAM (IOAM) with IPv6
Jul 02 14:04:34 localhost kernel: NET: Registered PF_PACKET protocol family
Jul 02 14:04:34 localhost kernel: Key type dns_resolver registered
Jul 02 14:04:34 localhost kernel: registered taskstats version 1
Jul 02 14:04:34 localhost kernel: Loading compiled-in X.509 certificates
Jul 02 14:04:34 localhost kernel: Key type .fscrypt registered
Jul 02 14:04:34 localhost kernel: Key type fscrypt-provisioning registered
Jul 02 14:04:34 localhost kernel: Key type encrypted registered
Jul 02 14:04:34 localhost kernel: AppArmor: AppArmor sha256 policy hashing enabled
Jul 02 14:04:34 localhost kernel: hid_bpf: error while preloading HID BPF dispatcher: -22
Jul 02 14:04:34 localhost kernel: clk: Disabling unused clocks
Jul 02 14:04:34 localhost kernel: Freeing unused kernel memory: 12096K
Jul 02 14:04:34 localhost kernel: Checked W+X mappings: passed, no W+X pages found
Jul 02 14:04:34 localhost kernel: Run /init as init process
Jul 02 14:04:34 localhost kernel:   with arguments:
Jul 02 14:04:34 localhost kernel:     /init
Jul 02 14:04:34 localhost kernel:   with environment:
Jul 02 14:04:34 localhost kernel:     HOME=/
Jul 02 14:04:34 localhost kernel:     TERM=linux
Jul 02 14:04:34 localhost kernel:     BOOT_IMAGE=/userkernels/hushim/vmlinuz
Jul 02 14:04:34 localhost kernel:     iscsi_initiator=iqn.2022-05.systems.enzian:zuestoll08
Jul 02 14:04:34 localhost kernel:     iscsi_target_name=iqn.2022-05.systems.enzian.zuestoll:hushim-ltram
Jul 02 14:04:34 localhost kernel:     iscsi_target_ip=192.168.255.254
Jul 02 14:04:34 localhost kernel:     iscsi_target_port=3260
Jul 02 14:04:34 localhost kernel: xhci_hcd 0000:00:10.0: xHCI Host Controller
Jul 02 14:04:34 localhost kernel: xhci_hcd 0000:00:10.0: new USB bus registered, assigned bus number 1
Jul 02 14:04:34 localhost kernel: xhci_hcd 0000:00:10.0: hcc params 0x0220f665 hci version 0x100 quirks 0x0000000000000010
Jul 02 14:04:34 localhost kernel: xhci_hcd 0000:00:10.0: xHCI Host Controller
Jul 02 14:04:34 localhost kernel: xhci_hcd 0000:00:10.0: new USB bus registered, assigned bus number 2
Jul 02 14:04:34 localhost kernel: xhci_hcd 0000:00:10.0: Host supports USB 3.0 SuperSpeed
Jul 02 14:04:34 localhost kernel: usb usb1: New USB device found, idVendor=1d6b, idProduct=0002, bcdDevice= 6.08
Jul 02 14:04:34 localhost kernel: usb usb1: New USB device strings: Mfr=3, Product=2, SerialNumber=1
Jul 02 14:04:34 localhost kernel: usb usb1: Product: xHCI Host Controller
Jul 02 14:04:34 localhost kernel: usb usb1: Manufacturer: Linux 6.8.0-ltram xhci-hcd
Jul 02 14:04:34 localhost kernel: usb usb1: SerialNumber: 0000:00:10.0
Jul 02 14:04:34 localhost kernel: ahci 0001:00:08.0: version 3.0
Jul 02 14:04:34 localhost kernel: ahci 0001:00:08.0: SSS flag set, parallel bus scan disabled
Jul 02 14:04:34 localhost kernel: ahci 0001:00:08.0: AHCI 0001.0300 32 slots 1 ports 6 Gbps 0x1 impl SATA mode
Jul 02 14:04:34 localhost kernel: ahci 0001:00:08.0: flags: 64bit ncq sntf ilck stag pm led clo only pmp fbs pio slum part ccc apst 
Jul 02 14:04:34 localhost kernel: hub 1-0:1.0: USB hub found
Jul 02 14:04:34 localhost kernel: hub 1-0:1.0: 1 port detected
Jul 02 14:04:34 localhost kernel: pci 0000:00:09.1: [177d:a033] type 00 class 0x120000 PCIe Endpoint
Jul 02 14:04:34 localhost kernel: ahci 0001:00:08.0: port 0 is not capable of FBS
Jul 02 14:04:34 localhost kernel: input: soc@0:gpio-keys as /devices/platform/soc@0/soc@0:gpio-keys/input/input0
Jul 02 14:04:34 localhost kernel: usb usb2: We don't know the algorithms for LPM for this host, disabling LPM.
Jul 02 14:04:34 localhost kernel: usb usb2: New USB device found, idVendor=1d6b, idProduct=0003, bcdDevice= 6.08
Jul 02 14:04:34 localhost kernel: usb usb2: New USB device strings: Mfr=3, Product=2, SerialNumber=1
Jul 02 14:04:34 localhost kernel: usb usb2: Product: xHCI Host Controller
Jul 02 14:04:34 localhost kernel: usb usb2: Manufacturer: Linux 6.8.0-ltram xhci-hcd
Jul 02 14:04:34 localhost kernel: usb usb2: SerialNumber: 0000:00:10.0
Jul 02 14:04:34 localhost kernel: thunderx_mmc: probe of 0000:01:01.4 failed with error -2
Jul 02 14:04:34 localhost kernel: i2c-thunderx 0000:01:09.0: Probed. Set system clock to 800000000
Jul 02 14:04:34 localhost kernel: i2c-thunderx 0000:01:09.0: SMBUS alert not active on this bus
Jul 02 14:04:34 localhost kernel: hub 2-0:1.0: USB hub found
Jul 02 14:04:34 localhost kernel: hub 2-0:1.0: 1 port detected
Jul 02 14:04:34 localhost kernel: nvme nvme0: pci function 0004:20:00.0
Jul 02 14:04:34 localhost kernel: nicvf 0002:01:00.1 enP2p1s0v0: renamed from eth0
Jul 02 14:04:34 localhost kernel: nvme 0004:20:00.0: enabling device (0000 -> 0002)
Jul 02 14:04:34 localhost kernel: xhci_hcd 0000:00:11.0: xHCI Host Controller
Jul 02 14:04:34 localhost kernel: i2c-thunderx 0000:01:09.1: Probed. Set system clock to 700000000
Jul 02 14:04:34 localhost kernel: nicvf 0002:01:00.2 enP2p1s0v1: renamed from eth1
Jul 02 14:04:34 localhost kernel: i2c-thunderx 0000:01:09.1: SMBUS alert not active on this bus
Jul 02 14:04:34 localhost kernel: xhci_hcd 0000:00:11.0: new USB bus registered, assigned bus number 3
Jul 02 14:04:34 localhost kernel: hwmon hwmon0: temp1_input not attached to any thermal zone
Jul 02 14:04:34 localhost kernel: scsi host0: ahci
Jul 02 14:04:34 localhost kernel: ata1: SATA max UDMA/133 abar m2097152@0x814000000000 port 0x814000000100 irq 534 lpm-pol 0
Jul 02 14:04:34 localhost kernel: xhci_hcd 0000:00:11.0: hcc params 0x0220f665 hci version 0x100 quirks 0x0000000000000010
Jul 02 14:04:34 localhost kernel: xhci_hcd 0000:00:11.0: xHCI Host Controller
Jul 02 14:04:34 localhost kernel: xhci_hcd 0000:00:11.0: new USB bus registered, assigned bus number 4
Jul 02 14:04:34 localhost kernel: xhci_hcd 0000:00:11.0: Host supports USB 3.0 SuperSpeed
Jul 02 14:04:34 localhost kernel: usb usb3: New USB device found, idVendor=1d6b, idProduct=0002, bcdDevice= 6.08
Jul 02 14:04:34 localhost kernel: usb usb3: New USB device strings: Mfr=3, Product=2, SerialNumber=1
Jul 02 14:04:34 localhost kernel: usb usb3: Product: xHCI Host Controller
Jul 02 14:04:34 localhost kernel: usb usb3: Manufacturer: Linux 6.8.0-ltram xhci-hcd
Jul 02 14:04:34 localhost kernel: usb usb3: SerialNumber: 0000:00:11.0
Jul 02 14:04:34 localhost kernel: ahci 0001:00:09.0: SSS flag set, parallel bus scan disabled
Jul 02 14:04:34 localhost kernel: ahci 0001:00:09.0: AHCI 0001.0300 32 slots 1 ports 6 Gbps 0x1 impl SATA mode
Jul 02 14:04:34 localhost kernel: ahci 0001:00:09.0: flags: 64bit ncq sntf ilck stag pm led clo only pmp fbs pio slum part ccc apst 
Jul 02 14:04:34 localhost kernel: i2c-thunderx 0000:01:09.2: Probed. Set system clock to 700000000
Jul 02 14:04:34 localhost kernel: i2c-thunderx 0000:01:09.2: SMBUS alert not active on this bus
Jul 02 14:04:34 localhost kernel: hub 3-0:1.0: USB hub found
Jul 02 14:04:34 localhost kernel: hub 3-0:1.0: 1 port detected
Jul 02 14:04:34 localhost kernel: usb usb4: We don't know the algorithms for LPM for this host, disabling LPM.
Jul 02 14:04:34 localhost kernel: ahci 0001:00:09.0: port 0 is not capable of FBS
Jul 02 14:04:34 localhost kernel: usb usb4: New USB device found, idVendor=1d6b, idProduct=0003, bcdDevice= 6.08
Jul 02 14:04:34 localhost kernel: usb usb4: New USB device strings: Mfr=3, Product=2, SerialNumber=1
Jul 02 14:04:34 localhost kernel: usb usb4: Product: xHCI Host Controller
Jul 02 14:04:34 localhost kernel: usb usb4: Manufacturer: Linux 6.8.0-ltram xhci-hcd
Jul 02 14:04:34 localhost kernel: usb usb4: SerialNumber: 0000:00:11.0
Jul 02 14:04:34 localhost kernel: i2c-thunderx 0000:01:09.3: Probed. Set system clock to 700000000
Jul 02 14:04:34 localhost kernel: i2c-thunderx 0000:01:09.3: SMBUS alert not active on this bus
Jul 02 14:04:34 localhost kernel: hub 4-0:1.0: USB hub found
Jul 02 14:04:34 localhost kernel: hub 4-0:1.0: 1 port detected
Jul 02 14:04:34 localhost kernel: random: crng init done
Jul 02 14:04:34 localhost kernel: i2c-thunderx 0000:01:09.4: Probed. Set system clock to 700000000
Jul 02 14:04:34 localhost kernel: i2c-thunderx 0000:01:09.4: SMBUS alert not active on this bus
Jul 02 14:04:34 localhost kernel: scsi host1: ahci
Jul 02 14:04:34 localhost kernel: ata2: SATA max UDMA/133 abar m2097152@0x815000000000 port 0x815000000100 irq 572 lpm-pol 0
Jul 02 14:04:34 localhost kernel: i2c-thunderx 0000:01:09.5: Probed. Set system clock to 700000000
Jul 02 14:04:34 localhost kernel: i2c-thunderx 0000:01:09.5: SMBUS alert not active on this bus
Jul 02 14:04:34 localhost kernel: ahci 0001:00:0a.0: SSS flag set, parallel bus scan disabled
Jul 02 14:04:34 localhost kernel: ahci 0001:00:0a.0: AHCI 0001.0300 32 slots 1 ports 6 Gbps 0x1 impl SATA mode
Jul 02 14:04:34 localhost kernel: ahci 0001:00:0a.0: flags: 64bit ncq sntf ilck stag pm led clo only pmp fbs pio slum part ccc apst 
Jul 02 14:04:34 localhost kernel: ahci 0001:00:0a.0: port 0 is not capable of FBS
Jul 02 14:04:34 localhost kernel: scsi host2: ahci
Jul 02 14:04:34 localhost kernel: ata3: SATA max UDMA/133 abar m2097152@0x816000000000 port 0x816000000100 irq 576 lpm-pol 0
Jul 02 14:04:34 localhost kernel: ahci 0001:00:0b.0: SSS flag set, parallel bus scan disabled
Jul 02 14:04:34 localhost kernel: ahci 0001:00:0b.0: AHCI 0001.0300 32 slots 1 ports 6 Gbps 0x1 impl SATA mode
Jul 02 14:04:34 localhost kernel: ahci 0001:00:0b.0: flags: 64bit ncq sntf ilck stag pm led clo only pmp fbs pio slum part ccc apst 
Jul 02 14:04:34 localhost kernel: ahci 0001:00:0b.0: port 0 is not capable of FBS
Jul 02 14:04:34 localhost kernel: scsi host3: ahci
Jul 02 14:04:34 localhost kernel: ata4: SATA max UDMA/133 abar m2097152@0x817000000000 port 0x817000000100 irq 577 lpm-pol 0
Jul 02 14:04:34 localhost kernel: ata1: SATA link down (SStatus 0 SControl 300)
Jul 02 14:04:34 localhost kernel: nvme nvme0: 31/0/0 default/read/poll queues
Jul 02 14:04:34 localhost kernel:  nvme0n1: p1
Jul 02 14:04:34 localhost kernel: ata2: SATA link down (SStatus 0 SControl 300)
Jul 02 14:04:34 localhost kernel: ata4: SATA link up 6.0 Gbps (SStatus 133 SControl 300)
Jul 02 14:04:34 localhost kernel: ata4.00: ATA-11: SanDisk SDSSDH3 250G, 401120RL, max UDMA/133
Jul 02 14:04:34 localhost kernel: ata4.00: 488397168 sectors, multi 1: LBA48 NCQ (depth 32), AA
Jul 02 14:04:34 localhost kernel: ata4.00: Features: Dev-Sleep
Jul 02 14:04:34 localhost kernel: ata4.00: configured for UDMA/133
Jul 02 14:04:34 localhost kernel: ata3: link resume succeeded after 3 retries
Jul 02 14:04:34 localhost kernel: ata3: SATA link down (SStatus 0 SControl 300)
Jul 02 14:04:34 localhost kernel: scsi 3:0:0:0: Direct-Access     ATA      SanDisk SDSSDH3  20RL PQ: 0 ANSI: 5
Jul 02 14:04:34 localhost kernel: sd 3:0:0:0: Attached scsi generic sg0 type 0
Jul 02 14:04:34 localhost kernel: sd 3:0:0:0: [sda] 488397168 512-byte logical blocks: (250 GB/233 GiB)
Jul 02 14:04:34 localhost kernel: sd 3:0:0:0: [sda] Write Protect is off
Jul 02 14:04:34 localhost kernel: sd 3:0:0:0: [sda] Mode Sense: 00 3a 00 00
Jul 02 14:04:34 localhost kernel: sd 3:0:0:0: [sda] Write cache: enabled, read cache: enabled, doesn't support DPO or FUA
Jul 02 14:04:34 localhost kernel: sd 3:0:0:0: [sda] Preferred minimum I/O size 512 bytes
Jul 02 14:04:34 localhost kernel:  sda: sda1 sda2
Jul 02 14:04:34 localhost kernel: sd 3:0:0:0: [sda] Attached SCSI disk
Jul 02 14:04:34 localhost kernel: raid6: neonx8   gen()  2418 MB/s
Jul 02 14:04:34 localhost kernel: raid6: neonx4   gen()  2499 MB/s
Jul 02 14:04:34 localhost kernel: raid6: neonx2   gen()  2203 MB/s
Jul 02 14:04:34 localhost kernel: raid6: neonx1   gen()  1763 MB/s
Jul 02 14:04:34 localhost kernel: raid6: int64x8  gen()  1642 MB/s
Jul 02 14:04:34 localhost kernel: raid6: int64x4  gen()  2586 MB/s
Jul 02 14:04:34 localhost kernel: raid6: int64x2  gen()  2415 MB/s
Jul 02 14:04:34 localhost kernel: raid6: int64x1  gen()  1817 MB/s
Jul 02 14:04:34 localhost kernel: raid6: using algorithm int64x4 gen() 2586 MB/s
Jul 02 14:04:34 localhost kernel: raid6: .... xor() 1245 MB/s, rmw enabled
Jul 02 14:04:34 localhost kernel: raid6: using neon recovery algorithm
Jul 02 14:04:34 localhost kernel: xor: measuring software checksum speed
Jul 02 14:04:34 localhost kernel:    8regs           :  4168 MB/sec
Jul 02 14:04:34 localhost kernel:    32regs          :  1508 MB/sec
Jul 02 14:04:34 localhost kernel:    arm64_neon      :  3984 MB/sec
Jul 02 14:04:34 localhost kernel: xor: using function: 8regs (4168 MB/sec)
Jul 02 14:04:34 localhost kernel: async_tx: api initialized (async)
Jul 02 14:04:34 localhost kernel: nicvf 0002:01:00.1 enP2p1s0v0: Link is Up 40000 Mbps Full duplex
Jul 02 14:04:34 localhost kernel: scsi host4: iSCSI Initiator over TCP/IP
Jul 02 14:04:34 localhost kernel: scsi 4:0:0:0: RAID              IET      Controller       0001 PQ: 0 ANSI: 5
Jul 02 14:04:34 localhost kernel: scsi 4:0:0:0: Attached scsi generic sg1 type 12
Jul 02 14:04:34 localhost kernel: scsi 4:0:0:1: Direct-Access     IET      VIRTUAL-DISK     0001 PQ: 0 ANSI: 5
Jul 02 14:04:34 localhost kernel: sd 4:0:0:1: Attached scsi generic sg2 type 0
Jul 02 14:04:34 localhost kernel: sd 4:0:0:1: Power-on or device reset occurred
Jul 02 14:04:34 localhost kernel: sd 4:0:0:1: [sdb] 10485760 512-byte logical blocks: (5.37 GB/5.00 GiB)
Jul 02 14:04:34 localhost kernel: sd 4:0:0:1: [sdb] Write Protect is off
Jul 02 14:04:34 localhost kernel: sd 4:0:0:1: [sdb] Mode Sense: 69 00 10 08
Jul 02 14:04:34 localhost kernel: sd 4:0:0:1: [sdb] Write cache: enabled, read cache: enabled, supports DPO and FUA
Jul 02 14:04:34 localhost kernel:  sdb: sdb1 sdb2
Jul 02 14:04:34 localhost kernel: sd 4:0:0:1: [sdb] Attached SCSI disk
Jul 02 14:04:34 localhost kernel: Btrfs loaded, zoned=yes, fsverity=yes
Jul 02 14:04:34 localhost kernel: EXT4-fs (sdb2): recovery complete
Jul 02 14:04:34 localhost kernel: EXT4-fs (sdb2): mounted filesystem 461f0ce7-5a56-439d-8850-a92447d8028f r/w with ordered data mode. Quota mode: none.
Jul 02 14:04:34 localhost systemd[1]: System time before build time, advancing clock.
Jul 02 14:04:34 localhost systemd[1]: Inserted module 'autofs4'
Jul 02 14:04:34 localhost systemd[1]: systemd 255.4-1ubuntu8.10 running in system mode (+PAM +AUDIT +SELINUX +APPARMOR +IMA +SMACK +SECCOMP +GCRYPT -GNUTLS +OPENSSL +ACL +BLKID +CURL +ELFUTILS +FIDO2 +IDN2 -IDN +IPTC +KMOD +LIBCRYPTSETUP +LIBFDISK +PCRE2 -PWQUALITY +P11KIT +QRENCODE +TPM2 +BZIP2 +LZ4 +XZ +ZLIB +ZSTD -BPF_FRAMEWORK -XKBCOMMON +UTMP +SYSVINIT default-hierarchy=unified)
Jul 02 14:04:34 localhost systemd[1]: Detected architecture arm64.
Jul 02 14:04:34 localhost systemd[1]: Hostname set to <localhost>.
Jul 02 14:04:34 localhost systemd[1]: Queued start job for default target graphical.target.
Jul 02 14:04:34 localhost systemd[1]: Created slice system-modprobe.slice - Slice /system/modprobe.
Jul 02 14:04:34 localhost systemd[1]: Created slice system-serial\x2dgetty.slice - Slice /system/serial-getty.
Jul 02 14:04:34 localhost systemd[1]: Created slice user.slice - User and Session Slice.
Jul 02 14:04:34 localhost systemd[1]: Started systemd-ask-password-wall.path - Forward Password Requests to Wall Directory Watch.
Jul 02 14:04:34 localhost systemd[1]: Set up automount proc-sys-fs-binfmt_misc.automount - Arbitrary Executable File Formats File System Automount Point.
Jul 02 14:04:34 localhost systemd[1]: Expecting device dev-ttyAMA0.device - /dev/ttyAMA0...
Jul 02 14:04:34 localhost systemd[1]: Reached target integritysetup.target - Local Integrity Protected Volumes.
Jul 02 14:04:34 localhost systemd[1]: Reached target slices.target - Slice Units.
Jul 02 14:04:34 localhost systemd[1]: Reached target snapd.mounts-pre.target - Mounting snaps.
Jul 02 14:04:34 localhost systemd[1]: Reached target snapd.mounts.target - Mounted snaps.
Jul 02 14:04:34 localhost systemd[1]: Reached target swap.target - Swaps.
Jul 02 14:04:34 localhost systemd[1]: Reached target veritysetup.target - Local Verity Protected Volumes.
Jul 02 14:04:34 localhost systemd[1]: Listening on dm-event.socket - Device-mapper event daemon FIFOs.
Jul 02 14:04:34 localhost systemd[1]: Listening on lvm2-lvmpolld.socket - LVM2 poll daemon socket.
Jul 02 14:04:34 localhost systemd[1]: Listening on multipathd.socket - multipathd control socket.
Jul 02 14:04:34 localhost systemd[1]: Listening on rpcbind.socket - RPCbind Server Activation Socket.
Jul 02 14:04:34 localhost systemd[1]: Listening on syslog.socket - Syslog Socket.
Jul 02 14:04:34 localhost systemd[1]: Listening on systemd-fsckd.socket - fsck to fsckd communication Socket.
Jul 02 14:04:34 localhost systemd[1]: Listening on systemd-initctl.socket - initctl Compatibility Named Pipe.
Jul 02 14:04:34 localhost systemd[1]: Listening on systemd-journald-dev-log.socket - Journal Socket (/dev/log).
Jul 02 14:04:34 localhost systemd[1]: Listening on systemd-journald.socket - Journal Socket.
Jul 02 14:04:34 localhost systemd[1]: Listening on systemd-networkd.socket - Network Service Netlink Socket.
Jul 02 14:04:34 localhost systemd[1]: systemd-pcrextend.socket - TPM2 PCR Extension (Varlink) was skipped because of an unmet condition check (ConditionSecurity=measured-uki).
Jul 02 14:04:34 localhost systemd[1]: Listening on systemd-udevd-control.socket - udev Control Socket.
Jul 02 14:04:34 localhost systemd[1]: Listening on systemd-udevd-kernel.socket - udev Kernel Socket.
Jul 02 14:04:34 localhost systemd[1]: Mounting dev-hugepages.mount - Huge Pages File System...
Jul 02 14:04:34 localhost systemd[1]: Mounting dev-mqueue.mount - POSIX Message Queue File System...
Jul 02 14:04:34 localhost systemd[1]: Mounting sys-kernel-debug.mount - Kernel Debug File System...
Jul 02 14:04:34 localhost systemd[1]: Mounting sys-kernel-tracing.mount - Kernel Trace File System...
Jul 02 14:04:34 localhost systemd[1]: Starting systemd-journald.service - Journal Service...
Jul 02 14:04:34 localhost systemd[1]: auth-rpcgss-module.service - Kernel Module supporting RPCSEC_GSS was skipped because of an unmet condition check (ConditionPathExists=/etc/krb5.keytab).
Jul 02 14:04:34 localhost systemd[1]: Starting keyboard-setup.service - Set the console keyboard layout...
Jul 02 14:04:34 localhost systemd[1]: Starting kmod-static-nodes.service - Create List of Static Device Nodes...
Jul 02 14:04:34 localhost systemd[1]: Starting modprobe@configfs.service - Load Kernel Module configfs...
Jul 02 14:04:34 localhost systemd[1]: Starting modprobe@dm_mod.service - Load Kernel Module dm_mod...
Jul 02 14:04:34 localhost systemd-journald[817]: Collecting audit messages is disabled.
Jul 02 14:04:34 localhost systemd[1]: Starting modprobe@drm.service - Load Kernel Module drm...
Jul 02 14:04:34 localhost systemd[1]: Starting modprobe@efi_pstore.service - Load Kernel Module efi_pstore...
Jul 02 14:04:34 localhost systemd[1]: Starting modprobe@fuse.service - Load Kernel Module fuse...
Jul 02 14:04:34 localhost kernel: pstore: Using crash dump compression: deflate
Jul 02 14:04:34 localhost systemd[1]: Starting modprobe@loop.service - Load Kernel Module loop...
Jul 02 14:04:34 localhost kernel: pstore: Registered efi_pstore as persistent store backend
Jul 02 14:04:34 localhost systemd[1]: netplan-ovs-cleanup.service - OpenVSwitch configuration for cleanup was skipped because of an unmet condition check (ConditionFileIsExecutable=/usr/bin/ovs-vsctl).
Jul 02 14:04:34 localhost systemd[1]: systemd-fsck-root.service - File System Check on Root Device was skipped because of an unmet condition check (ConditionPathIsReadWrite=!/).
Jul 02 14:04:34 localhost systemd[1]: Starting systemd-modules-load.service - Load Kernel Modules...
Jul 02 14:04:34 localhost systemd[1]: systemd-pcrmachine.service - TPM2 PCR Machine ID Measurement was skipped because of an unmet condition check (ConditionSecurity=measured-uki).
Jul 02 14:04:34 localhost systemd[1]: Starting systemd-remount-fs.service - Remount Root and Kernel File Systems...
Jul 02 14:04:34 localhost systemd[1]: systemd-tpm2-setup-early.service - TPM2 SRK Setup (Early) was skipped because of an unmet condition check (ConditionSecurity=measured-uki).
Jul 02 14:04:34 localhost systemd[1]: Starting systemd-udev-trigger.service - Coldplug All udev Devices...
Jul 02 14:04:34 localhost kernel: EXT4-fs (sdb2): re-mounted 461f0ce7-5a56-439d-8850-a92447d8028f r/w. Quota mode: none.
Jul 02 14:04:34 localhost systemd[1]: Mounted dev-hugepages.mount - Huge Pages File System.
Jul 02 14:04:34 localhost systemd[1]: Mounted dev-mqueue.mount - POSIX Message Queue File System.
Jul 02 14:04:34 localhost systemd[1]: Mounted sys-kernel-debug.mount - Kernel Debug File System.
Jul 02 14:04:34 localhost systemd[1]: Mounted sys-kernel-tracing.mount - Kernel Trace File System.
Jul 02 14:04:34 localhost systemd[1]: Finished keyboard-setup.service - Set the console keyboard layout.
Jul 02 14:04:34 localhost systemd[1]: Finished kmod-static-nodes.service - Create List of Static Device Nodes.
Jul 02 14:04:34 localhost systemd[1]: modprobe@configfs.service: Deactivated successfully.
Jul 02 14:04:34 localhost systemd[1]: Finished modprobe@configfs.service - Load Kernel Module configfs.
Jul 02 14:04:34 localhost systemd[1]: modprobe@dm_mod.service: Deactivated successfully.
Jul 02 14:04:34 localhost systemd[1]: Finished modprobe@dm_mod.service - Load Kernel Module dm_mod.
Jul 02 14:04:34 localhost systemd[1]: modprobe@drm.service: Deactivated successfully.
Jul 02 14:04:34 localhost systemd[1]: Finished modprobe@drm.service - Load Kernel Module drm.
Jul 02 14:04:34 localhost systemd[1]: modprobe@efi_pstore.service: Deactivated successfully.
Jul 02 14:04:34 localhost systemd[1]: Finished modprobe@efi_pstore.service - Load Kernel Module efi_pstore.
Jul 02 14:04:34 localhost systemd[1]: modprobe@fuse.service: Deactivated successfully.
Jul 02 14:04:34 localhost systemd[1]: Finished modprobe@fuse.service - Load Kernel Module fuse.
Jul 02 14:04:34 localhost systemd[1]: modprobe@loop.service: Deactivated successfully.
Jul 02 14:04:34 localhost systemd[1]: Finished modprobe@loop.service - Load Kernel Module loop.
Jul 02 14:04:34 localhost systemd[1]: Started systemd-journald.service - Journal Service.
Jul 02 14:04:35 localhost systemd-journald[817]: Received client request to flush runtime journal.
Jul 02 14:04:35 localhost systemd-journald[817]: File /var/log/journal/9bb31783aeea442b9a38e0c881ae684c/system.journal corrupted or uncleanly shut down, renaming and replacing.
Jul 02 14:04:35 localhost kernel: audit: type=1400 audit(1751465075.914:2): apparmor="STATUS" operation="profile_load" profile="unconfined" name="balena-etcher" pid=924 comm="apparmor_parser"
Jul 02 14:04:35 localhost kernel: audit: type=1400 audit(1751465075.914:3): apparmor="STATUS" operation="profile_load" profile="unconfined" name="devhelp" pid=938 comm="apparmor_parser"
Jul 02 14:04:35 localhost kernel: audit: type=1400 audit(1751465075.914:4): apparmor="STATUS" operation="profile_load" profile="unconfined" name="evolution" pid=942 comm="apparmor_parser"
Jul 02 14:04:35 localhost kernel: audit: type=1400 audit(1751465075.914:5): apparmor="STATUS" operation="profile_load" profile="unconfined" name="keybase" pid=953 comm="apparmor_parser"
Jul 02 14:04:35 localhost kernel: audit: type=1400 audit(1751465075.914:6): apparmor="STATUS" operation="profile_load" profile="unconfined" name="nautilus" pid=968 comm="apparmor_parser"
Jul 02 14:04:35 localhost kernel: audit: type=1400 audit(1751465075.915:7): apparmor="STATUS" operation="profile_load" profile="unconfined" name="brave" pid=926 comm="apparmor_parser"
Jul 02 14:04:35 localhost kernel: audit: type=1400 audit(1751465075.915:8): apparmor="STATUS" operation="profile_load" profile="unconfined" name="mmdebstrap" pid=966 comm="apparmor_parser"
Jul 02 14:04:35 localhost kernel: audit: type=1400 audit(1751465075.915:9): apparmor="STATUS" operation="profile_load" profile="unconfined" name="ipa_verify" pid=951 comm="apparmor_parser"
Jul 02 14:04:35 localhost kernel: audit: type=1400 audit(1751465075.915:10): apparmor="STATUS" operation="profile_load" profile="unconfined" name="1password" pid=917 comm="apparmor_parser"
Jul 02 14:04:35 localhost kernel: audit: type=1400 audit(1751465075.915:11): apparmor="STATUS" operation="profile_load" profile="unconfined" name="ch-run" pid=933 comm="apparmor_parser"
Jul 02 14:04:36 localhost kernel: RPC: Registered named UNIX socket transport module.
Jul 02 14:04:36 localhost kernel: RPC: Registered udp transport module.
Jul 02 14:04:36 localhost kernel: RPC: Registered tcp transport module.
Jul 02 14:04:36 localhost kernel: RPC: Registered tcp-with-tls transport module.
Jul 02 14:04:36 localhost kernel: RPC: Registered tcp NFSv4.1 backchannel transport module.
Jul 02 14:04:36 localhost kernel: cfg80211: Loading compiled-in X.509 certificates for regulatory database
Jul 02 14:04:36 localhost kernel: Loaded X.509 cert 'sforshee: 00b28ddf47aef9cea7'
Jul 02 14:04:36 localhost kernel: Loaded X.509 cert 'wens: 61c038651aabdcf94bd0ac7ff06c7248db18c600'
Aug 19 11:16:05 localhost systemd-journald[817]: Failed to read journal file /var/log/journal/9bb31783aeea442b9a38e0c881ae684c/user-1000.journal for rotation, trying to move it out of the way: Device or resource busy
Aug 19 11:16:05 localhost kernel: netfs: FS-Cache loaded
Aug 19 11:16:05 localhost kernel: nicvf 0002:01:00.2 cpu40g1: renamed from enP2p1s0v1
Aug 19 11:16:05 localhost kernel: nicvf 0002:01:00.1 cpu40g0: renamed from enP2p1s0v0 (while UP)
Aug 19 11:16:05 localhost kernel: EDAC MC0: Giving out device to module thunderx-lmc controller thunderx-lmc: DEV 0000:01:0a.0 (INTERRUPT)
Aug 19 11:16:05 localhost kernel: EDAC MC1: Giving out device to module thunderx-lmc controller thunderx-lmc: DEV 0000:01:0a.1 (INTERRUPT)
Aug 19 11:16:05 localhost kernel: EDAC MC2: Giving out device to module thunderx-lmc controller thunderx-lmc: DEV 0000:01:0a.2 (INTERRUPT)
Aug 19 11:16:05 localhost kernel: EDAC MC3: Giving out device to module thunderx-lmc controller thunderx-lmc: DEV 0000:01:0a.3 (INTERRUPT)
Aug 19 11:16:05 localhost kernel: EDAC DEVICE0: Giving out device to module thunderx-ocx controller thunderx-ocx: DEV 0000:01:00.5 (INTERRUPT)
Aug 19 11:16:05 localhost kernel: EDAC DEVICE1: Giving out device to module thunderx-l2c controller thunderx-l2c: DEV 0000:01:06.0 (INTERRUPT)
Aug 19 11:16:05 localhost kernel: EDAC DEVICE2: Giving out device to module thunderx-l2c controller thunderx-l2c: DEV 0000:01:06.1 (INTERRUPT)
Aug 19 11:16:05 localhost kernel: EDAC DEVICE3: Giving out device to module thunderx-l2c controller thunderx-l2c: DEV 0000:01:06.2 (INTERRUPT)
Aug 19 11:16:05 localhost kernel: EDAC DEVICE4: Giving out device to module thunderx-l2c controller thunderx-l2c: DEV 0000:01:06.3 (INTERRUPT)
Aug 19 11:16:05 localhost kernel: EDAC DEVICE5: Giving out device to module thunderx-l2c controller thunderx-l2c: DEV 0000:01:06.4 (INTERRUPT)
Aug 19 11:16:05 localhost kernel: EDAC DEVICE6: Giving out device to module thunderx-l2c controller thunderx-l2c: DEV 0000:01:06.5 (INTERRUPT)
Aug 19 11:16:05 localhost kernel: EDAC DEVICE7: Giving out device to module thunderx-l2c controller thunderx-l2c: DEV 0000:01:06.6 (INTERRUPT)
Aug 19 11:16:05 localhost kernel: EDAC DEVICE8: Giving out device to module thunderx-l2c controller thunderx-l2c: DEV 0000:01:06.7 (INTERRUPT)
Aug 19 11:16:05 localhost kernel: EDAC DEVICE9: Giving out device to module thunderx-l2c controller thunderx-l2c: DEV 0000:01:07.0 (INTERRUPT)
Aug 19 11:16:05 localhost kernel: EDAC DEVICE10: Giving out device to module thunderx-l2c controller thunderx-l2c: DEV 0000:01:07.1 (INTERRUPT)
Aug 19 11:16:05 localhost kernel: EDAC DEVICE11: Giving out device to module thunderx-l2c controller thunderx-l2c: DEV 0000:01:07.2 (INTERRUPT)
Aug 19 11:16:05 localhost kernel: EDAC DEVICE12: Giving out device to module thunderx-l2c controller thunderx-l2c: DEV 0000:01:07.3 (INTERRUPT)
Aug 19 11:16:05 localhost kernel: EDAC DEVICE13: Giving out device to module thunderx-l2c controller thunderx-l2c: DEV 0000:01:07.4 (INTERRUPT)
Aug 19 11:16:05 localhost kernel: EDAC DEVICE14: Giving out device to module thunderx-l2c controller thunderx-l2c: DEV 0000:01:07.5 (INTERRUPT)
Aug 19 11:16:05 localhost kernel: EDAC DEVICE15: Giving out device to module thunderx-l2c controller thunderx-l2c: DEV 0000:01:07.6 (INTERRUPT)
Aug 19 11:16:05 localhost kernel: EDAC DEVICE16: Giving out device to module thunderx-l2c controller thunderx-l2c: DEV 0000:01:07.7 (INTERRUPT)
Aug 19 11:16:05 localhost kernel: ThunderX-ZIP 0000:03:00.0: Found ZIP device 0 177d:a01a on Node 0
Aug 19 11:16:06 localhost kernel: cma: cma_alloc: reserved: alloc failed, req-size: 129 pages, ret: -12
Aug 19 11:16:06 localhost kernel: cma: cma_alloc: reserved: alloc failed, req-size: 129 pages, ret: -12
Aug 19 11:16:06 localhost kernel: cma: cma_alloc: reserved: alloc failed, req-size: 129 pages, ret: -12
Aug 19 11:16:06 localhost kernel: cma: cma_alloc: reserved: alloc failed, req-size: 129 pages, ret: -12
Aug 19 11:16:06 localhost kernel: cma: cma_alloc: reserved: alloc failed, req-size: 129 pages, ret: -12
Aug 19 11:16:06 localhost kernel: cma: cma_alloc: reserved: alloc failed, req-size: 129 pages, ret: -12
Aug 19 11:16:06 localhost kernel: NFS: Registering the id_resolver key type
Aug 19 11:16:06 localhost kernel: Key type id_resolver registered
Aug 19 11:16:06 localhost kernel: Key type id_legacy registered
Aug 19 11:16:06 localhost kernel: nicvf 0002:01:00.2 cpu40g1: Link is Up 40000 Mbps Full duplex
Aug 19 11:16:08 localhost kernel: sd 4:0:0:1: Power-on or device reset occurred
Aug 19 11:16:10 localhost kernel: NET: Registered PF_QIPCRTR protocol family
Aug 19 11:16:11 localhost kernel: loop0: detected capacity change from 0 to 8
Aug 19 11:16:11 localhost kernel: kauditd_printk_skb: 110 callbacks suppressed
Aug 19 11:16:11 localhost kernel: audit: type=1400 audit(1787138171.537:122): apparmor="STATUS" operation="profile_replace" profile="unconfined" name="/usr/lib/snapd/snap-confine" pid=1494 comm="apparmor_parser"
Aug 19 11:16:11 localhost kernel: audit: type=1400 audit(1787138171.544:123): apparmor="STATUS" operation="profile_replace" profile="unconfined" name="/usr/lib/snapd/snap-confine//mount-namespace-capture-helper" pid=1494 comm="apparmor_parser"
Aug 19 11:16:44 localhost kernel: numactl: page allocation failure: order:0, mode:0x140dca(GFP_HIGHUSER_MOVABLE|__GFP_COMP|__GFP_ZERO), nodemask=1,cpuset=/,mems_allowed=0-1
Aug 19 11:16:44 localhost kernel: CPU: 12 PID: 1632 Comm: numactl Not tainted 6.8.0-ltram #1
Aug 19 11:16:44 localhost kernel: Hardware name: www.cavium.com ThunderX CRB-2S/ThunderX CRB-2S, BIOS 0.3 Nov  8 2023
Aug 19 11:16:44 localhost kernel: Call trace:
Aug 19 11:16:44 localhost kernel:  dump_backtrace+0xa0/0x148
Aug 19 11:16:44 localhost kernel:  show_stack+0x20/0x48
Aug 19 11:16:44 localhost kernel:  dump_stack_lvl+0x78/0xf0
Aug 19 11:16:44 localhost kernel:  dump_stack+0x18/0x30
Aug 19 11:16:44 localhost kernel:  warn_alloc+0x158/0x1e8
Aug 19 11:16:44 localhost kernel:  __alloc_pages+0xe80/0xfb0
Aug 19 11:16:44 localhost kernel:  alloc_pages_mpol+0x8c/0x2a0
Aug 19 11:16:44 localhost kernel:  vma_alloc_folio+0x74/0x110
Aug 19 11:16:44 localhost kernel:  vma_alloc_zeroed_movable_folio+0x44/0x78
Aug 19 11:16:44 localhost kernel:  __handle_mm_fault+0xb08/0x1338
Aug 19 11:16:44 localhost kernel:  handle_mm_fault+0xf4/0x348
Aug 19 11:16:44 localhost kernel:  __get_user_pages+0x128/0x3b8
Aug 19 11:16:44 localhost kernel:  get_user_pages_remote+0xe0/0x458
Aug 19 11:16:44 localhost kernel:  get_arg_page+0x8c/0x280
Aug 19 11:16:44 localhost kernel:  copy_string_kernel+0xb8/0x218
Aug 19 11:16:44 localhost kernel:  do_execveat_common.isra.0+0x1b0/0x288
Aug 19 11:16:44 localhost kernel:  __arm64_sys_execve+0x48/0x88
Aug 19 11:16:44 localhost kernel:  invoke_syscall+0x78/0x128
Aug 19 11:16:44 localhost kernel:  el0_svc_common.constprop.0+0x48/0x138
Aug 19 11:16:44 localhost kernel:  do_el0_svc+0x28/0x58
Aug 19 11:16:44 localhost kernel:  el0_svc+0x40/0x1a0
Aug 19 11:16:44 localhost kernel:  el0t_64_sync_handler+0x15c/0x178
Aug 19 11:16:44 localhost kernel:  el0t_64_sync+0x1a8/0x1b0
Aug 19 11:16:44 localhost kernel: Mem-Info:
Aug 19 11:16:44 localhost kernel: active_anon:10511 inactive_anon:0 isolated_anon:0
                                   active_file:31988 inactive_file:11324 isolated_file:0
                                   unevictable:8512 dirty:44 writeback:0
                                   slab_reclaimable:8155 slab_unreclaimable:38095
                                   mapped:12304 shmem:358 pagetables:583
                                   sec_pagetables:0 bounce:0
                                   kernel_misc_reclaimable:0
                                   free:32714456 free_pcp:0 free_cma:956
Aug 19 11:16:44 localhost kernel: Node 1 hugepages_total=0 hugepages_free=0 hugepages_surp=0 hugepages_size=1048576kB
Aug 19 11:16:44 localhost kernel: Node 1 hugepages_total=0 hugepages_free=0 hugepages_surp=0 hugepages_size=32768kB
Aug 19 11:16:44 localhost kernel: Node 1 hugepages_total=0 hugepages_free=0 hugepages_surp=0 hugepages_size=2048kB
Aug 19 11:16:44 localhost kernel: Node 1 hugepages_total=0 hugepages_free=0 hugepages_surp=0 hugepages_size=64kB
Aug 19 11:16:44 localhost kernel: 47000 total pagecache pages
Aug 19 11:16:44 localhost kernel: 0 pages in swap cache
Aug 19 11:16:44 localhost kernel: Free swap  = 0kB
Aug 19 11:16:44 localhost kernel: Total swap = 0kB
Aug 19 11:16:44 localhost kernel: 33614848 pages RAM
Aug 19 11:16:44 localhost kernel: 0 pages HighMem/MovableOnly
Aug 19 11:16:44 localhost kernel: 686119 pages reserved
Aug 19 11:16:44 localhost kernel: 8192 pages cma reserved
Aug 19 11:16:44 localhost kernel: 0 pages hwpoisoned
Aug 19 11:16:44 localhost kernel: nor_eci_fulltest: loading out-of-tree module taints kernel.
Aug 19 11:16:44 localhost kernel: fulltest: ## BUILD 2026-08-10.yieldall.v65 (cond_resched in ALL 10 udelay poll loops -- test=37 Phase A erase poll was the 4th copy of this bug and soft-locked CPU#45)  (erase triggers route through trigger_erase(): evicts the er_win line first)
Aug 19 11:16:44 localhost kernel: fulltest: STATUS WORD raw=0x0000000000000000  bytes=0 beats=0 pages=0 erases=0  hw_busy=0 er_infl=0 sch=0  -> all-zero — EXPECTED at init (free-running counters start at 0 and nothing has run yet). This does NOT mean a pre-132 bitstream. The real proof is the st_wait census at end of run: it can only be non-empty if the BEAT counter actually advanced by 64 per sector.
Aug 19 11:16:44 localhost kernel: fulltest: ## MMIO INTEGRITY: cycle-counter went backwards 0/2000, constant varied 0/2000 -> CLEAN
Aug 19 11:16:44 localhost kernel: fulltest: ## ANTI_STARVE_N left at the FPGA default, reports 0
Aug 19 11:16:44 localhost kernel: fulltest: worker started (watch dmesg; 'rmmod nor_eci_fulltest' to stop)
Aug 19 11:16:44 localhost kernel: fulltest: START test=32 sectors [0..64) pattern=ADDRESS-STAMP (word=its offset)
Aug 19 11:16:44 localhost kernel: fulltest: WCOV3: sectors [0..64), 1 passes, PASS-MAJOR, evict_mode=1 trig_rotate=0 cvm_er_win=1
Aug 19 11:16:44 localhost kernel: fulltest: ## ---- WCOV3 pass-major RUN 0 ----
Aug 19 11:16:44 localhost kernel: fulltest: WCOV3 | pass sector | trigger time      | erase | write |
Aug 19 11:16:44 localhost kernel: fulltest: WCOV3 BASELINE: idling 2000 ms before pass 0 — sample the probes now
Aug 19 11:16:46 localhost kernel: fulltest: WCOV3 >>> PASS 0 STARTING NOW (64 sectors, seed 11)
Aug 19 11:16:47 localhost kernel: fulltest: ## WCOV3 | p0 s0 | trig  570ns SENT     | erase  ok  | write  ok  | 0 FF | ERASE-1st @+0x0 got=00000000 | WRITE-1st @+0x0 got=00000000 |
Aug 19 11:16:47 localhost kernel: fulltest: ## WCOV3 | p0 s1 | trig  390ns SENT     | erase  ok  | write  ok  | 0 FF | ERASE-1st @+0x0 got=00000000 | WRITE-1st @+0x0 got=00000000 |
Aug 19 11:16:47 localhost kernel: fulltest: ## WCOV3 | p0 s2 | trig  390ns SENT     | erase  ok  | write  ok  | 0 FF | ERASE-1st @+0x0 got=00000000 | WRITE-1st @+0x0 got=00000000 |
Aug 19 11:16:48 localhost kernel: fulltest: ## WCOV3 | p0 s3 | trig  390ns SENT     | erase  ok  | write  ok  | 0 FF | ERASE-1st @+0x0 got=00000000 | WRITE-1st @+0x0 got=00000000 |
Aug 19 11:16:48 localhost kernel: fulltest: ## WCOV3 | p0 s4 | trig  400ns SENT     | erase  ok  | write  ok  | 0 FF | ERASE-1st @+0x0 got=00000000 | WRITE-1st @+0x0 got=00000000 |
Aug 19 11:16:48 localhost kernel: fulltest: ## WCOV3 | p0 s5 | trig  400ns SENT     | erase  ok  | write  ok  | 0 FF | ERASE-1st @+0x0 got=00000000 | WRITE-1st @+0x0 got=00000000 |
Aug 19 11:16:48 localhost kernel: fulltest: ## WCOV3 | p0 s6 | trig  390ns SENT     | erase  ok  | write  ok  | 0 FF | ERASE-1st @+0x0 got=00000000 | WRITE-1st @+0x0 got=00000000 |
Aug 19 11:16:49 localhost kernel: fulltest: ## WCOV3 | p0 s7 | trig  390ns SENT     | erase  ok  | write  ok  | 0 FF | ERASE-1st @+0x0 got=00000000 | WRITE-1st @+0x0 got=00000000 |
Aug 19 11:16:49 localhost kernel: fulltest: ## WCOV3 | p0 s8 | trig  380ns SENT     | erase  ok  | write  ok  | 0 FF | ERASE-1st @+0x0 got=00000000 | WRITE-1st @+0x0 got=00000000 |
Aug 19 11:16:49 localhost kernel: fulltest: ## WCOV3 | p0 s9 | trig  440ns SENT     | erase  ok  | write  ok  | 0 FF | ERASE-1st @+0x0 got=00000000 | WRITE-1st @+0x0 got=00000000 |
Aug 19 11:16:50 localhost kernel: fulltest: ## WCOV3 | p0 s10 | trig  380ns SENT     | erase  ok  | write  ok  | 0 FF | ERASE-1st @+0x0 got=00000000 | WRITE-1st @+0x0 got=00000000 |
Aug 19 11:16:50 localhost kernel: fulltest: ## WCOV3 | p0 s11 | trig  400ns SENT     | erase  ok  | write  ok  | 0 FF | ERASE-1st @+0x0 got=00000000 | WRITE-1st @+0x0 got=00000000 |
Aug 19 11:16:50 localhost kernel: fulltest: ## WCOV3 | p0 s12 | trig  390ns SENT     | erase  ok  | write  ok  | 0 FF | ERASE-1st @+0x0 got=00000000 | WRITE-1st @+0x0 got=00000000 |
Aug 19 11:16:51 localhost kernel: fulltest: ## WCOV3 | p0 s13 | trig  400ns SENT     | erase  ok  | write  ok  | 0 FF | ERASE-1st @+0x0 got=00000000 | WRITE-1st @+0x0 got=00000000 |
Aug 19 11:16:51 localhost kernel: fulltest: ## WCOV3 | p0 s14 | trig  450ns SENT     | erase  ok  | write  ok  | 0 FF | ERASE-1st @+0x0 got=00000000 | WRITE-1st @+0x0 got=00000000 |
Aug 19 11:16:51 localhost kernel: fulltest: ## WCOV3 | p0 s15 | trig  430ns SENT     | erase  ok  | write  ok  | 0 FF | ERASE-1st @+0x0 got=00000000 | WRITE-1st @+0x0 got=00000000 |
Aug 19 11:16:51 localhost kernel: fulltest: ## WCOV3 | p0 s16 | trig  420ns SENT     | erase  ok  | write  ok  | 0 FF | ERASE-1st @+0x0 got=00000000 | WRITE-1st @+0x0 got=00000000 |
Aug 19 11:16:52 localhost kernel: fulltest: ## WCOV3 | p0 s17 | trig  400ns SENT     | erase  ok  | write  ok  | 0 FF | ERASE-1st @+0x0 got=00000000 | WRITE-1st @+0x0 got=00000000 |
Aug 19 11:16:52 localhost kernel: fulltest: ## WCOV3 | p0 s18 | trig  380ns SENT     | erase  ok  | write  ok  | 0 FF | ERASE-1st @+0x0 got=00000000 | WRITE-1st @+0x0 got=00000000 |
Aug 19 11:16:52 localhost kernel: fulltest: ## WCOV3 | p0 s19 | trig  380ns SENT     | erase  ok  | write  ok  | 0 FF | ERASE-1st @+0x0 got=00000000 | WRITE-1st @+0x0 got=00000000 |
Aug 19 11:16:53 localhost kernel: fulltest: ## WCOV3 | p0 s20 | trig  400ns SENT     | erase  ok  | write  ok  | 0 FF | ERASE-1st @+0x0 got=00000000 | WRITE-1st @+0x0 got=00000000 |
Aug 19 11:16:53 localhost kernel: fulltest: ## WCOV3 | p0 s21 | trig  400ns SENT     | erase  ok  | write  ok  | 0 FF | ERASE-1st @+0x0 got=00000000 | WRITE-1st @+0x0 got=00000000 |
Aug 19 11:16:53 localhost kernel: fulltest: ## WCOV3 | p0 s22 | trig  390ns SENT     | erase  ok  | write  ok  | 0 FF | ERASE-1st @+0x0 got=00000000 | WRITE-1st @+0x0 got=00000000 |
Aug 19 11:16:54 localhost kernel: fulltest: ## WCOV3 | p0 s23 | trig  400ns SENT     | erase  ok  | write  ok  | 0 FF | ERASE-1st @+0x0 got=00000000 | WRITE-1st @+0x0 got=00000000 |
Aug 19 11:16:54 localhost kernel: fulltest: ## WCOV3 | p0 s24 | trig  390ns SENT     | erase  ok  | write  ok  | 0 FF | ERASE-1st @+0x0 got=00000000 | WRITE-1st @+0x0 got=00000000 |
Aug 19 11:16:54 localhost kernel: fulltest: ## WCOV3 | p0 s25 | trig  390ns SENT     | erase  ok  | write  ok  | 0 FF | ERASE-1st @+0x0 got=00000000 | WRITE-1st @+0x0 got=00000000 |
Aug 19 11:16:55 localhost kernel: fulltest: ## WCOV3 | p0 s26 | trig  390ns SENT     | erase  ok  | write  ok  | 0 FF | ERASE-1st @+0x0 got=00000000 | WRITE-1st @+0x0 got=00000000 |
Aug 19 11:16:55 localhost kernel: fulltest: ## WCOV3 | p0 s27 | trig  400ns SENT     | erase  ok  | write  ok  | 0 FF | ERASE-1st @+0x0 got=00000000 | WRITE-1st @+0x0 got=00000000 |
Aug 19 11:16:55 localhost kernel: fulltest: ## WCOV3 | p0 s28 | trig  390ns SENT     | erase  ok  | write  ok  | 0 FF | ERASE-1st @+0x0 got=00000000 | WRITE-1st @+0x0 got=00000000 |
Aug 19 11:16:55 localhost kernel: fulltest: ## WCOV3 | p0 s29 | trig  430ns SENT     | erase  ok  | write  ok  | 0 FF | ERASE-1st @+0x0 got=00000000 | WRITE-1st @+0x0 got=00000000 |
Aug 19 11:16:56 localhost kernel: fulltest: ## WCOV3 | p0 s30 | trig  400ns SENT     | erase  ok  | write  ok  | 0 FF | ERASE-1st @+0x0 got=00000000 | WRITE-1st @+0x0 got=00000000 |
Aug 19 11:16:56 localhost kernel: fulltest: ## WCOV3 | p0 s31 | trig  400ns SENT     | erase  ok  | write  ok  | 0 FF | ERASE-1st @+0x0 got=00000000 | WRITE-1st @+0x0 got=00000000 |
Aug 19 11:16:56 localhost kernel: fulltest: ## WCOV3 | p0 s32 | trig  390ns SENT     | erase  ok  | write  ok  | 0 FF | ERASE-1st @+0x0 got=00000000 | WRITE-1st @+0x0 got=00000000 |
Aug 19 11:16:57 localhost kernel: fulltest: ## WCOV3 | p0 s33 | trig  400ns SENT     | erase  ok  | write  ok  | 0 FF | ERASE-1st @+0x0 got=00000000 | WRITE-1st @+0x0 got=00000000 |
Aug 19 11:16:57 localhost kernel: fulltest: ## WCOV3 | p0 s34 | trig  390ns SENT     | erase  ok  | write  ok  | 0 FF | ERASE-1st @+0x0 got=00000000 | WRITE-1st @+0x0 got=00000000 |
Aug 19 11:16:57 localhost kernel: fulltest: ## WCOV3 | p0 s35 | trig  400ns SENT     | erase  ok  | write  ok  | 0 FF | ERASE-1st @+0x0 got=00000000 | WRITE-1st @+0x0 got=00000000 |
Aug 19 11:16:58 localhost kernel: fulltest: ## WCOV3 | p0 s36 | trig  390ns SENT     | erase  ok  | write  ok  | 0 FF | ERASE-1st @+0x0 got=00000000 | WRITE-1st @+0x0 got=00000000 |
Aug 19 11:16:58 localhost kernel: fulltest: ## WCOV3 | p0 s37 | trig  390ns SENT     | erase  ok  | write  ok  | 0 FF | ERASE-1st @+0x0 got=00000000 | WRITE-1st @+0x0 got=00000000 |
Aug 19 11:16:58 localhost kernel: fulltest: ## WCOV3 | p0 s38 | trig  390ns SENT     | erase  ok  | write  ok  | 0 FF | ERASE-1st @+0x0 got=00000000 | WRITE-1st @+0x0 got=00000000 |
Aug 19 11:16:58 localhost kernel: fulltest: ## WCOV3 | p0 s39 | trig  400ns SENT     | erase  ok  | write  ok  | 0 FF | ERASE-1st @+0x0 got=00000000 | WRITE-1st @+0x0 got=00000000 |
Aug 19 11:16:59 localhost kernel: fulltest: ## WCOV3 | p0 s40 | trig  420ns SENT     | erase  ok  | write  ok  | 0 FF | ERASE-1st @+0x0 got=00000000 | WRITE-1st @+0x0 got=00000000 |
Aug 19 11:16:59 localhost kernel: fulltest: ## WCOV3 | p0 s41 | trig  450ns SENT     | erase  ok  | write  ok  | 0 FF | ERASE-1st @+0x0 got=00000000 | WRITE-1st @+0x0 got=00000000 |
Aug 19 11:16:59 localhost kernel: fulltest: ## WCOV3 | p0 s42 | trig  420ns SENT     | erase  ok  | write  ok  | 0 FF | ERASE-1st @+0x0 got=00000000 | WRITE-1st @+0x0 got=00000000 |
Aug 19 11:17:00 localhost kernel: fulltest: ## WCOV3 | p0 s43 | trig  420ns SENT     | erase  ok  | write  ok  | 0 FF | ERASE-1st @+0x0 got=00000000 | WRITE-1st @+0x0 got=00000000 |
Aug 19 11:17:00 localhost kernel: fulltest: ## WCOV3 | p0 s44 | trig  430ns SENT     | erase  ok  | write  ok  | 0 FF | ERASE-1st @+0x0 got=00000000 | WRITE-1st @+0x0 got=00000000 |
Aug 19 11:17:00 localhost kernel: fulltest: ## WCOV3 | p0 s45 | trig  420ns SENT     | erase  ok  | write  ok  | 0 FF | ERASE-1st @+0x0 got=00000000 | WRITE-1st @+0x0 got=00000000 |
Aug 19 11:17:01 localhost kernel: fulltest: ## WCOV3 | p0 s46 | trig  400ns SENT     | erase  ok  | write  ok  | 0 FF | ERASE-1st @+0x0 got=00000000 | WRITE-1st @+0x0 got=00000000 |
Aug 19 11:17:01 localhost kernel: fulltest: ## WCOV3 | p0 s47 | trig  440ns SENT     | erase  ok  | write  ok  | 0 FF | ERASE-1st @+0x0 got=00000000 | WRITE-1st @+0x0 got=00000000 |
Aug 19 11:17:01 localhost kernel: fulltest: ## WCOV3 | p0 s48 | trig  420ns SENT     | erase  ok  | write  ok  | 0 FF | ERASE-1st @+0x0 got=00000000 | WRITE-1st @+0x0 got=00000000 |
Aug 19 11:17:02 localhost kernel: fulltest: ## WCOV3 | p0 s49 | trig  400ns SENT     | erase  ok  | write  ok  | 0 FF | ERASE-1st @+0x0 got=00000000 | WRITE-1st @+0x0 got=00000000 |
Aug 19 11:17:02 localhost kernel: fulltest: ## WCOV3 | p0 s50 | trig  390ns SENT     | erase  ok  | write  ok  | 0 FF | ERASE-1st @+0x0 got=00000000 | WRITE-1st @+0x0 got=00000000 |
Aug 19 11:17:02 localhost kernel: fulltest: ## WCOV3 | p0 s51 | trig  390ns SENT     | erase  ok  | write  ok  | 0 FF | ERASE-1st @+0x0 got=00000000 | WRITE-1st @+0x0 got=00000000 |
Aug 19 11:17:02 localhost kernel: fulltest: ## WCOV3 | p0 s52 | trig  390ns SENT     | erase  ok  | write  ok  | 0 FF | ERASE-1st @+0x0 got=00000000 | WRITE-1st @+0x0 got=00000000 |
Aug 19 11:17:03 localhost kernel: fulltest: ## WCOV3 | p0 s53 | trig  430ns SENT     | erase  ok  | write  ok  | 0 FF | ERASE-1st @+0x0 got=00000000 | WRITE-1st @+0x0 got=00000000 |
Aug 19 11:17:03 localhost kernel: fulltest: ## WCOV3 | p0 s54 | trig  400ns SENT     | erase  ok  | write  ok  | 0 FF | ERASE-1st @+0x0 got=00000000 | WRITE-1st @+0x0 got=00000000 |
Aug 19 11:17:03 localhost kernel: fulltest: ## WCOV3 | p0 s55 | trig  430ns SENT     | erase  ok  | write  ok  | 0 FF | ERASE-1st @+0x0 got=00000000 | WRITE-1st @+0x0 got=00000000 |
Aug 19 11:17:04 localhost kernel: fulltest: ## WCOV3 | p0 s56 | trig  430ns SENT     | erase  ok  | write  ok  | 0 FF | ERASE-1st @+0x0 got=00000000 | WRITE-1st @+0x0 got=00000000 |
Aug 19 11:17:04 localhost kernel: fulltest: ## WCOV3 | p0 s57 | trig  420ns SENT     | erase  ok  | write  ok  | 0 FF | ERASE-1st @+0x0 got=00000000 | WRITE-1st @+0x0 got=00000000 |
Aug 19 11:17:04 localhost kernel: fulltest: ## WCOV3 | p0 s58 | trig  460ns SENT     | erase  ok  | write  ok  | 0 FF | ERASE-1st @+0x0 got=00000000 | WRITE-1st @+0x0 got=00000000 |
Aug 19 11:17:05 localhost kernel: fulltest: ## WCOV3 | p0 s59 | trig  430ns SENT     | erase  ok  | write  ok  | 0 FF | ERASE-1st @+0x0 got=00000000 | WRITE-1st @+0x0 got=00000000 |
Aug 19 11:17:05 localhost kernel: fulltest: ## WCOV3 | p0 s60 | trig  450ns SENT     | erase  ok  | write  ok  | 0 FF | ERASE-1st @+0x0 got=00000000 | WRITE-1st @+0x0 got=00000000 |
Aug 19 11:17:05 localhost kernel: fulltest: ## WCOV3 | p0 s61 | trig  420ns SENT     | erase  ok  | write  ok  | 0 FF | ERASE-1st @+0x0 got=00000000 | WRITE-1st @+0x0 got=00000000 |
Aug 19 11:17:05 localhost kernel: fulltest: ## WCOV3 | p0 s62 | trig  390ns SENT     | erase  ok  | write  ok  | 0 FF | ERASE-1st @+0x0 got=00000000 | WRITE-1st @+0x0 got=00000000 |
Aug 19 11:17:06 localhost kernel: fulltest: ## WCOV3 | p0 s63 | trig  440ns SENT     | erase  ok  | write  ok  | 0 FF | ERASE-1st @+0x0 got=00000000 | WRITE-1st @+0x0 got=00000000 |
Aug 19 11:17:06 localhost kernel: fulltest: WCOV3 PASS 0 done: erase bad=0  write bad=0  (64 sectors) clean
Aug 19 11:17:06 localhost kernel: fulltest: WCOV3 <<< PASS 0 ENDED, idling 2000 ms — sample the probes now
Aug 19 11:17:08 localhost kernel: fulltest: ## WCOV3 RUN 0 PASS: 64 sectors x 1 passes, cvm_er_win=1, total bad=0 ================
Aug 19 11:17:08 localhost kernel: fulltest: ## CENSUS erase-trigger: 0 issued, 0 CACHE HITS (never reached the FPGA) | ns min/avg/max 0/0/0
Aug 19 11:17:08 localhost kernel: fulltest: ## CENSUS dma-write   : 64 issued | us min/avg/max 1321/1325/1365
Aug 19 11:17:08 localhost kernel: fulltest: ## CENSUS sector-read : 0 issued, 0 from CACHE | ns/word min/avg/max 0/0/0
Aug 19 11:17:08 localhost kernel: fulltest: ## CENSUS status-word: raw=0x0040001000001000  bytes=4096 beats=4096 pages=0 erases=64  hw_busy=0 er_infl=0 sch=0
Aug 19 11:17:08 localhost kernel: fulltest: ## CENSUS st_wait     : 64 waits | us avg/max 738/778  (extra time after the engine said 4096)
Aug 19 11:17:08 localhost kernel: fulltest: ===== PHASED SUMMARY: sectors=0 erase_fail=0 ff_bad=0 wr_timeout=0 data_bad=0 aborted=0 =====
Aug 19 11:17:10 localhost kernel: fulltest: ## CENSUS erase-trigger: 0 issued, 0 CACHE HITS (never reached the FPGA) | ns min/avg/max 0/0/0
Aug 19 11:17:10 localhost kernel: fulltest: ## CENSUS dma-write   : 64 issued | us min/avg/max 1321/1325/1365
Aug 19 11:17:10 localhost kernel: fulltest: ## CENSUS sector-read : 0 issued, 0 from CACHE | ns/word min/avg/max 0/0/0
Aug 19 11:17:10 localhost kernel: fulltest: ## CENSUS status-word: raw=0x0040001000001000  bytes=4096 beats=4096 pages=0 erases=64  hw_busy=0 er_infl=0 sch=0
Aug 19 11:17:10 localhost kernel: fulltest: ## CENSUS st_wait     : 64 waits | us avg/max 738/778  (extra time after the engine said 4096)
Aug 19 11:17:10 localhost kernel: fulltest: ===== FINAL SUMMARY: sectors=0 erase_fail=0 ff_bad=0 wr_timeout=0 data_bad=0 aborted=0 =====
